<?xml version="1.0" encoding="UTF-8"?><OperationDefinition xmlns="http://hl7.org/fhir"><id value="post-medlist"/><text><status value="extensions"/><div xmlns="http://www.w3.org/1999/xhtml"><h2>PostMedicationList</h2><p>OPERATION: PostMedicationList</p><p>The official URL for this operation definition is: </p><pre>http://fhir.health.nsw.gov.au/fhir/ehealth/itoc/v1.0/StructureDefinition/post-medlist</pre><p>URL: [base]/Bundle/$post-medlist</p><p>Parameters</p><table class="grid"><tr><td><b>Use</b></td><td><b>Name</b></td><td><b>Cardinality</b></td><td><b>Type</b></td><td><b>Binding</b></td><td><b>Documentation</b></td></tr><tr><td>IN</td><td>bundle</td><td>1..1</td><td><a href="http://hl7.org/fhir/R4/bundle.html">Bundle</a></td><td/><td><div><p>The reconciled medication list Bundle for the patient. The system SHALL return an OperationOutcome with the outcome of the operation.</p>
</div></td></tr><tr><td>OUT</td><td>outcome</td><td>1..1</td><td><a href="http://hl7.org/fhir/R4/operationoutcome.html">OperationOutcome</a></td><td/><td><div><p>An OperationOutcome containing information on the result.</p>
</div></td></tr></table><div><p>This operation should be used to post a reconciled patient medication list. The system will return an OperationOutcome with the outcome of the operation.</p>
</div></div></text><url value="http://fhir.health.nsw.gov.au/fhir/ehealth/itoc/v1.0/StructureDefinition/post-medlist"/><version value="1.0.0"/><name value="PostMedicationList"/><status value="active"/><kind value="operation"/><date value="2019-10-29T00:00:00+11:00"/><publisher value="NSW eHealth"/><purpose value="To allow the posting of a reconciled medication list"/><code value="post-medlist"/><comment value="This operation should be used to post a reconciled patient medication list. The system will return an OperationOutcome with the outcome of the operation."/><resource value="Bundle"/><system value="false"/><type value="true"/><instance value="false"/><parameter><name value="bundle"/><use value="in"/><min value="1"/><max value="1"/><documentation value="The reconciled medication list Bundle for the patient. The system SHALL return an OperationOutcome with the outcome of the operation."/><type value="Bundle"/></parameter><parameter><name value="outcome"/><use value="out"/><min value="1"/><max value="1"/><documentation value="An OperationOutcome containing information on the result."/><type value="OperationOutcome"/></parameter></OperationDefinition>