<?xml version="1.0" encoding="UTF-8"?>

<CodeSystem xmlns="http://hl7.org/fhir">
  <id value="messagetype"/>
  <text>
    <status value="generated"/><div xmlns="http://www.w3.org/1999/xhtml"><p>This code system http://fhir.health.nsw.gov.au/fhir/ehealth/itoc/v1.0/CodeSystem/messagetype defines the following codes:</p><table class="codes"><tr><td style="white-space:nowrap"><b>Code</b></td><td><b>Display</b></td><td><b>Definition</b></td></tr><tr><td style="white-space:nowrap">medication-list<a name="messagetype-medication-list"> </a></td><td>This message is a medication list</td><td/></tr><tr><td style="white-space:nowrap">medication-history<a name="messagetype-medication-history"> </a></td><td>This message is a medication history</td><td/></tr><tr><td style="white-space:nowrap">medication-administration-record<a name="messagetype-medication-administration-record"> </a></td><td>This message is a medication administration record</td><td/></tr><tr><td style="white-space:nowrap">reconciled-medication-list<a name="messagetype-reconciled-medication-list"> </a></td><td>This message is a reconciled medication list</td><td/></tr></table></div>
  </text>
  <url value="http://fhir.health.nsw.gov.au/fhir/ehealth/itoc/v1.0/CodeSystem/messagetype"/>
  <identifier>
    <system value="urn:ietf:rfc:3986"/>
    <value value="urn:oid:1.2.36.1.2001.1004.200.10012"/>
  </identifier>
  <version value="1.0.0"/>
  <name value="MessageHeaderType"/>
  <title value="Message Header Type"/>
  <status value="active"/>
  <experimental value="false"/>
  <date value="2019-11-22T00:00:00+11:00"/>
  <publisher value="NSW eHealth"/>
  <description value="Message Header Types for Integrated Transitions of Care (iTOC) Messages"/>
  <caseSensitive value="true"/>
  <compositional value="false"/>
  <versionNeeded value="false"/>
  <content value="complete"/>
  <count value="2"/>
  <concept>
    <code value="medication-list"/>
    <display value="This message is a medication list"/>
  </concept>
  <concept>
    <code value="medication-history"/>
    <display value="This message is a medication history"/>
  </concept>
  <concept>
    <code value="medication-administration-record"/>
    <display value="This message is a medication administration record"/>
  </concept>
  <concept>
    <code value="reconciled-medication-list"/>
    <display value="This message is a reconciled medication list"/>
  </concept>
</CodeSystem>