<?xml version="1.0" encoding="UTF-8"?>

<ImplementationGuide xmlns="http://hl7.org/fhir">
  <id value="nswhealth-itoc"/>
  <text>
    <status value="generated"/><div xmlns="http://www.w3.org/1999/xhtml"><h2>NSWHealthTOCImplementationGuide</h2><p>The official URL for this implementation guide is: </p><pre>http://fhir.health.nsw.gov.au/fhir/ehealth/itoc/v1.0/ImplementationGuide/nswhealth-itoc</pre></div>
  </text>
  <url value="http://fhir.health.nsw.gov.au/fhir/ehealth/itoc/v1.0/ImplementationGuide/nswhealth-itoc"/>
  <version value="1.0.0"/>
  <name value="NSWHealthTOCImplementationGuide"/>
  <title value="NSW Health Integrated Transitions of Care (iTOC) Implementation Guide"/>
  <status value="draft"/>
  <experimental value="true"/>
  <date value="2019-10-29T00:00:00+11:00"/>
  <publisher value="NSW Health"/>
  <contact>
    <name value="NSW eHealth Transitions of Care Project"/>
  </contact>
  <jurisdiction>
    <coding>
      <system value="urn:iso:std:iso:3166"/>
      <code value="AU"/>
    </coding>
  </jurisdiction>
  <packageId value="nsw.health.fhir.toc"/>
  <license value="CC0-1.0"/>
  <fhirVersion value="4.0.1"/>
  <dependsOn>
    <uri value="http://hl7.org.au/fhir"/>
    <packageId value="hl7.fhir.au.base"/>
    <version value="current"/>
  </dependsOn>
  <definition>
    <grouping id="p1">
      <name value="base"/>
    </grouping>
    <resource>
      <extension url="http://hl7.org/fhir/tools/StructureDefinition/resource-information">
        <valueString value="StructureDefinition:resource"/>
      </extension>
      <extension url="http://hl7.org/fhir/StructureDefinition/implementationguide-page">
        <valueUri value="StructureDefinition-nswhealthitocmessageheader.html"/>
      </extension>
      <reference>
        <reference value="StructureDefinition/nswhealthitocmessageheader"/>
      </reference>
      <exampleBoolean value="false"/>
      <groupingId value="p1"/>
    </resource>
    <resource>
      <extension url="http://hl7.org/fhir/tools/StructureDefinition/resource-information">
        <valueString value="StructureDefinition:resource"/>
      </extension>
      <extension url="http://hl7.org/fhir/StructureDefinition/implementationguide-page">
        <valueUri value="StructureDefinition-nswhealthitocpatient.html"/>
      </extension>
      <reference>
        <reference value="StructureDefinition/nswhealthitocpatient"/>
      </reference>
      <exampleBoolean value="false"/>
      <groupingId value="p1"/>
    </resource>
    <resource>
      <extension url="http://hl7.org/fhir/tools/StructureDefinition/resource-information">
        <valueString value="StructureDefinition:resource"/>
      </extension>
      <extension url="http://hl7.org/fhir/StructureDefinition/implementationguide-page">
        <valueUri value="StructureDefinition-nswhealthitocencounter.html"/>
      </extension>
      <reference>
        <reference value="StructureDefinition/nswhealthitocencounter"/>
      </reference>
      <exampleBoolean value="false"/>
      <groupingId value="p1"/>
    </resource>
    <resource>
      <extension url="http://hl7.org/fhir/tools/StructureDefinition/resource-information">
        <valueString value="StructureDefinition:resource"/>
      </extension>
      <extension url="http://hl7.org/fhir/StructureDefinition/implementationguide-page">
        <valueUri value="StructureDefinition-nswhealthitocpractitioner.html"/>
      </extension>
      <reference>
        <reference value="StructureDefinition/nswhealthitocpractitioner"/>
      </reference>
      <exampleBoolean value="false"/>
      <groupingId value="p1"/>
    </resource>
    <resource>
      <extension url="http://hl7.org/fhir/tools/StructureDefinition/resource-information">
        <valueString value="StructureDefinition:resource"/>
      </extension>
      <extension url="http://hl7.org/fhir/StructureDefinition/implementationguide-page">
        <valueUri value="StructureDefinition-nswhealthitocmedication.html"/>
      </extension>
      <reference>
        <reference value="StructureDefinition/nswhealthitocmedication"/>
      </reference>
      <exampleBoolean value="false"/>
      <groupingId value="p1"/>
    </resource>
    <resource>
      <extension url="http://hl7.org/fhir/tools/StructureDefinition/resource-information">
        <valueString value="StructureDefinition:resource"/>
      </extension>
      <extension url="http://hl7.org/fhir/StructureDefinition/implementationguide-page">
        <valueUri value="StructureDefinition-nswhealthitocmedicationstatement.html"/>
      </extension>
      <reference>
        <reference value="StructureDefinition/nswhealthitocmedicationstatement"/>
      </reference>
      <exampleBoolean value="false"/>
      <groupingId value="p1"/>
    </resource>
    <resource>
      <extension url="http://hl7.org/fhir/tools/StructureDefinition/resource-information">
        <valueString value="StructureDefinition:resource"/>
      </extension>
      <extension url="http://hl7.org/fhir/StructureDefinition/implementationguide-page">
        <valueUri value="StructureDefinition-nswhealthitocmedicationadministration.html"/>
      </extension>
      <reference>
        <reference value="StructureDefinition/nswhealthitocmedicationadministration"/>
      </reference>
      <exampleBoolean value="false"/>
      <groupingId value="p1"/>
    </resource>
    <resource>
      <extension url="http://hl7.org/fhir/tools/StructureDefinition/resource-information">
        <valueString value="StructureDefinition:resource"/>
      </extension>
      <extension url="http://hl7.org/fhir/StructureDefinition/implementationguide-page">
        <valueUri value="StructureDefinition-nswhealthitocorder.html"/>
      </extension>
      <reference>
        <reference value="StructureDefinition/nswhealthitocorder"/>
      </reference>
      <exampleBoolean value="false"/>
      <groupingId value="p1"/>
    </resource>
    <resource>
      <extension url="http://hl7.org/fhir/tools/StructureDefinition/resource-information">
        <valueString value="StructureDefinition:resource"/>
      </extension>
      <extension url="http://hl7.org/fhir/StructureDefinition/implementationguide-page">
        <valueUri value="StructureDefinition-nswhealthitocdosage.html"/>
      </extension>
      <reference>
        <reference value="StructureDefinition/nswhealthitocdosage"/>
      </reference>
      <exampleBoolean value="false"/>
      <groupingId value="p1"/>
    </resource>
    <resource>
      <extension url="http://hl7.org/fhir/tools/StructureDefinition/resource-information">
        <valueString value="StructureDefinition:resource"/>
      </extension>
      <extension url="http://hl7.org/fhir/StructureDefinition/implementationguide-page">
        <valueUri value="StructureDefinition-nswhealthitocmedicationlist.html"/>
      </extension>
      <reference>
        <reference value="StructureDefinition/nswhealthitocmedicationlist"/>
      </reference>
      <exampleBoolean value="false"/>
      <groupingId value="p1"/>
    </resource>
    <resource>
      <extension url="http://hl7.org/fhir/tools/StructureDefinition/resource-information">
        <valueString value="StructureDefinition:resource"/>
      </extension>
      <extension url="http://hl7.org/fhir/StructureDefinition/implementationguide-page">
        <valueUri value="StructureDefinition-nswhealthitocallergyintolerance.html"/>
      </extension>
      <reference>
        <reference value="StructureDefinition/nswhealthitocallergyintolerance"/>
      </reference>
      <exampleBoolean value="false"/>
      <groupingId value="p1"/>
    </resource>
    <resource>
      <extension url="http://hl7.org/fhir/tools/StructureDefinition/resource-information">
        <valueString value="StructureDefinition:resource"/>
      </extension>
      <extension url="http://hl7.org/fhir/StructureDefinition/implementationguide-page">
        <valueUri value="StructureDefinition-nswhealthitocallergyintolerancelist.html"/>
      </extension>
      <reference>
        <reference value="StructureDefinition/nswhealthitocallergyintolerancelist"/>
      </reference>
      <exampleBoolean value="false"/>
      <groupingId value="p1"/>
    </resource>
    <resource>
      <extension url="http://hl7.org/fhir/tools/StructureDefinition/resource-information">
        <valueString value="StructureDefinition:extension"/>
      </extension>
      <extension url="http://hl7.org/fhir/StructureDefinition/implementationguide-page">
        <valueUri value="StructureDefinition-biologicalsex.html"/>
      </extension>
      <reference>
        <reference value="StructureDefinition/biologicalsex"/>
      </reference>
      <exampleBoolean value="false"/>
      <groupingId value="p1"/>
    </resource>
    <resource>
      <extension url="http://hl7.org/fhir/tools/StructureDefinition/resource-information">
        <valueString value="StructureDefinition:extension"/>
      </extension>
      <extension url="http://hl7.org/fhir/StructureDefinition/implementationguide-page">
        <valueUri value="StructureDefinition-diluent.html"/>
      </extension>
      <reference>
        <reference value="StructureDefinition/diluent"/>
      </reference>
      <exampleBoolean value="false"/>
      <groupingId value="p1"/>
    </resource>
    <resource>
      <extension url="http://hl7.org/fhir/tools/StructureDefinition/resource-information">
        <valueString value="StructureDefinition:extension"/>
      </extension>
      <extension url="http://hl7.org/fhir/StructureDefinition/implementationguide-page">
        <valueUri value="StructureDefinition-medicationcheckundertaken.html"/>
      </extension>
      <reference>
        <reference value="StructureDefinition/medicationcheckundertaken"/>
      </reference>
      <exampleBoolean value="false"/>
      <groupingId value="p1"/>
    </resource>
    <resource>
      <extension url="http://hl7.org/fhir/tools/StructureDefinition/resource-information">
        <valueString value="OperationDefinition"/>
      </extension>
      <extension url="http://hl7.org/fhir/StructureDefinition/implementationguide-page">
        <valueUri value="StructureDefinition-medlist-lookup.html"/>
      </extension>
      <reference>
        <reference value="OperationDefinition/medlist-lookup"/>
      </reference>
      <exampleBoolean value="false"/>
      <groupingId value="p1"/>
    </resource>
    <resource>
      <extension url="http://hl7.org/fhir/tools/StructureDefinition/resource-information">
        <valueString value="OperationDefinition"/>
      </extension>
      <extension url="http://hl7.org/fhir/StructureDefinition/implementationguide-page">
        <valueUri value="StructureDefinition-medhistory-lookup.html"/>
      </extension>
      <reference>
        <reference value="OperationDefinition/medhistory-lookup"/>
      </reference>
      <exampleBoolean value="false"/>
      <groupingId value="p1"/>
    </resource>
    <resource>
      <extension url="http://hl7.org/fhir/tools/StructureDefinition/resource-information">
        <valueString value="OperationDefinition"/>
      </extension>
      <extension url="http://hl7.org/fhir/StructureDefinition/implementationguide-page">
        <valueUri value="StructureDefinition-mar-lookup.html"/>
      </extension>
      <reference>
        <reference value="OperationDefinition/mar-lookup"/>
      </reference>
      <exampleBoolean value="false"/>
      <groupingId value="p1"/>
    </resource>
    <resource>
      <extension url="http://hl7.org/fhir/tools/StructureDefinition/resource-information">
        <valueString value="OperationDefinition"/>
      </extension>
      <extension url="http://hl7.org/fhir/StructureDefinition/implementationguide-page">
        <valueUri value="StructureDefinition-post-medlist.html"/>
      </extension>
      <reference>
        <reference value="OperationDefinition/post-medlist"/>
      </reference>
      <exampleBoolean value="false"/>
      <groupingId value="p1"/>
    </resource>
    <resource>
      <extension url="http://hl7.org/fhir/tools/StructureDefinition/resource-information">
        <valueString value="ValueSet"/>
      </extension>
      <extension url="http://hl7.org/fhir/StructureDefinition/implementationguide-page">
        <valueUri value="ValueSet-messagetype.html"/>
      </extension>
      <reference>
        <reference value="ValueSet/messagetype"/>
      </reference>
      <exampleBoolean value="false"/>
    </resource>
    <resource>
      <extension url="http://hl7.org/fhir/tools/StructureDefinition/resource-information">
        <valueString value="CodeSystem"/>
      </extension>
      <extension url="http://hl7.org/fhir/StructureDefinition/implementationguide-page">
        <valueUri value="CodeSystem-messagetype.html"/>
      </extension>
      <reference>
        <reference value="CodeSystem/messagetype"/>
      </reference>
      <exampleBoolean value="false"/>
    </resource>
    <resource>
      <extension url="http://hl7.org/fhir/tools/StructureDefinition/resource-information">
        <valueString value="Patient"/>
      </extension>
      <extension url="http://hl7.org/fhir/StructureDefinition/implementationguide-page">
        <valueUri value="Patient-example0.html"/>
      </extension>
      <reference>
        <reference value="Patient/example0"/>
      </reference>
      <name value="Patient with IHI and Medicare Number"/>
      <description value="Shows a typical patient using identifier profiles for IHI, Medicare Number and the extension for Indigenous Status"/>
      <exampleBoolean value="true"/>
      <groupingId value="p1"/>
    </resource>
    <resource>
      <extension url="http://hl7.org/fhir/tools/StructureDefinition/resource-information">
        <valueString value="Practitioner"/>
      </extension>
      <extension url="http://hl7.org/fhir/StructureDefinition/implementationguide-page">
        <valueUri value="Practitioner-example0.html"/>
      </extension>
      <reference>
        <reference value="Practitioner/example0"/>
      </reference>
      <name value="Practitioner with HPI-I, Prescriber Number and AHPRA Registration Number"/>
      <exampleBoolean value="true"/>
      <groupingId value="p1"/>
    </resource>
    <resource>
      <extension url="http://hl7.org/fhir/tools/StructureDefinition/resource-information">
        <valueString value="Practitioner"/>
      </extension>
      <extension url="http://hl7.org/fhir/StructureDefinition/implementationguide-page">
        <valueUri value="Practitioner-example1.html"/>
      </extension>
      <reference>
        <reference value="Practitioner/example1"/>
      </reference>
      <name value="Registered Nurse"/>
      <exampleBoolean value="true"/>
      <groupingId value="p1"/>
    </resource>
    <resource>
      <extension url="http://hl7.org/fhir/tools/StructureDefinition/resource-information">
        <valueString value="Practitioner"/>
      </extension>
      <extension url="http://hl7.org/fhir/StructureDefinition/implementationguide-page">
        <valueUri value="Practitioner-example2.html"/>
      </extension>
      <reference>
        <reference value="Practitioner/example2"/>
      </reference>
      <name value="Registered Nurse"/>
      <exampleBoolean value="true"/>
      <groupingId value="p1"/>
    </resource>
    <resource>
      <extension url="http://hl7.org/fhir/tools/StructureDefinition/resource-information">
        <valueString value="MedicationStatement"/>
      </extension>
      <extension url="http://hl7.org/fhir/StructureDefinition/implementationguide-page">
        <valueUri value="MedicationStatement-patientprofile1-medhistory-example0.html"/>
      </extension>
      <reference>
        <reference value="MedicationStatement/patientprofile1-medhistory-example0"/>
      </reference>
      <name value="Basic MedicationStatement example"/>
      <exampleBoolean value="true"/>
      <groupingId value="p1"/>
    </resource>
    <resource>
      <extension url="http://hl7.org/fhir/tools/StructureDefinition/resource-information">
        <valueString value="MedicationStatement"/>
      </extension>
      <extension url="http://hl7.org/fhir/StructureDefinition/implementationguide-page">
        <valueUri value="MedicationStatement-patientprofile1-medhistory-example1.html"/>
      </extension>
      <reference>
        <reference value="MedicationStatement/patientprofile1-medhistory-example1"/>
      </reference>
      <name value="Basic MedicationStatement example"/>
      <exampleBoolean value="true"/>
      <groupingId value="p1"/>
    </resource>
    <resource>
      <extension url="http://hl7.org/fhir/tools/StructureDefinition/resource-information">
        <valueString value="MedicationStatement"/>
      </extension>
      <extension url="http://hl7.org/fhir/StructureDefinition/implementationguide-page">
        <valueUri value="MedicationStatement-patientprofile1-medhistory-example2.html"/>
      </extension>
      <reference>
        <reference value="MedicationStatement/patientprofile1-medhistory-example2"/>
      </reference>
      <name value="Basic MedicationStatement example"/>
      <exampleBoolean value="true"/>
      <groupingId value="p1"/>
    </resource>
    <resource>
      <extension url="http://hl7.org/fhir/tools/StructureDefinition/resource-information">
        <valueString value="List"/>
      </extension>
      <extension url="http://hl7.org/fhir/StructureDefinition/implementationguide-page">
        <valueUri value="List-medhistory-list-example0.html"/>
      </extension>
      <reference>
        <reference value="List/medhistory-list-example0"/>
      </reference>
      <name value="Basic Medication List example"/>
      <exampleBoolean value="true"/>
      <groupingId value="p1"/>
    </resource>
    <resource>
      <extension url="http://hl7.org/fhir/tools/StructureDefinition/resource-information">
        <valueString value="Encounter"/>
      </extension>
      <extension url="http://hl7.org/fhir/StructureDefinition/implementationguide-page">
        <valueUri value="Encounter-example0.html"/>
      </extension>
      <reference>
        <reference value="Encounter/example0"/>
      </reference>
      <name value="Basic Encounter example"/>
      <exampleBoolean value="true"/>
      <groupingId value="p1"/>
    </resource>
    <resource>
      <extension url="http://hl7.org/fhir/tools/StructureDefinition/resource-information">
        <valueString value="Bundle"/>
      </extension>
      <extension url="http://hl7.org/fhir/StructureDefinition/implementationguide-page">
        <valueUri value="Bundle-patientprofile1-medhistory.html"/>
      </extension>
      <reference>
        <reference value="Bundle/patientprofile1-medhistory"/>
      </reference>
      <name value="Basic Bundle example"/>
      <exampleBoolean value="true"/>
      <groupingId value="p1"/>
    </resource>
    <resource>
      <extension url="http://hl7.org/fhir/tools/StructureDefinition/resource-information">
        <valueString value="MessageHeader"/>
      </extension>
      <extension url="http://hl7.org/fhir/StructureDefinition/implementationguide-page">
        <valueUri value="MessageHeader-example0.html"/>
      </extension>
      <reference>
        <reference value="MessageHeader/example0"/>
      </reference>
      <name value="Basic Message Header example"/>
      <exampleBoolean value="true"/>
      <groupingId value="p1"/>
    </resource>
    <resource>
      <extension url="http://hl7.org/fhir/tools/StructureDefinition/resource-information">
        <valueString value="MedicationAdministration"/>
      </extension>
      <extension url="http://hl7.org/fhir/StructureDefinition/implementationguide-page">
        <valueUri value="MedicationAdministration-patientprofile1-mar-example0.html"/>
      </extension>
      <reference>
        <reference value="MedicationAdministration/patientprofile1-mar-example0"/>
      </reference>
      <name value="Basic MedicationAdministration example"/>
      <exampleBoolean value="true"/>
      <groupingId value="p1"/>
    </resource>
    <resource>
      <extension url="http://hl7.org/fhir/tools/StructureDefinition/resource-information">
        <valueString value="MedicationRequest"/>
      </extension>
      <extension url="http://hl7.org/fhir/StructureDefinition/implementationguide-page">
        <valueUri value="MedicationRequest-example0.html"/>
      </extension>
      <reference>
        <reference value="MedicationRequest/example0"/>
      </reference>
      <name value="Basic MedicationOrder example"/>
      <exampleBoolean value="true"/>
      <groupingId value="p1"/>
    </resource>
    <resource>
      <extension url="http://hl7.org/fhir/tools/StructureDefinition/resource-information">
        <valueString value="Medication"/>
      </extension>
      <extension url="http://hl7.org/fhir/StructureDefinition/implementationguide-page">
        <valueUri value="Medication-example0.html"/>
      </extension>
      <reference>
        <reference value="Medication/example0"/>
      </reference>
      <name value="Basic Medication example"/>
      <exampleBoolean value="true"/>
      <groupingId value="p1"/>
    </resource>
    <resource>
      <extension url="http://hl7.org/fhir/tools/StructureDefinition/resource-information">
        <valueString value="Medication"/>
      </extension>
      <extension url="http://hl7.org/fhir/StructureDefinition/implementationguide-page">
        <valueUri value="Medication-example1.html"/>
      </extension>
      <reference>
        <reference value="Medication/example1"/>
      </reference>
      <name value="Medication example including Cerner and IMDsoft medication codings"/>
      <exampleBoolean value="true"/>
      <groupingId value="p1"/>
    </resource>
    <page>
      <nameUrl value="index.html"/>
      <title value="NSW Health Integrated Transitions of Care (iTOC) Implementation Guide"/>
      <generation value="html"/>
    </page>
    <parameter>
      <code value="generate-xml"/>
      <value value="xml"/>
    </parameter>
    <parameter>
      <code value="generate-json"/>
      <value value="JSON"/>
    </parameter>
  </definition>
</ImplementationGuide>