<?xml version="1.0" encoding="UTF-8"?>

<List xmlns="http://hl7.org/fhir">
  <id value="medhistory-list-example0"/>
  <meta>
    <profile value="http://fhir.health.nsw.gov.au/fhir/ehealth/itoc/v1.0/StructureDefinition/nswhealthitocmedicationlist"/>
  </meta>
  <text>
    <status value="generated"/><div xmlns="http://www.w3.org/1999/xhtml"><table class="clstu"><tr><td>Date: 29/10/2019 12:00:00 AMMode: snapshotStatus: currentCode: Current MedicineSubject: <a href="Patient-example0.html">?ngen-1?</a><b>Items</b><a href="MedicationStatement-patientprofile1-medhistory-example0.html">?ngen-1?</a><a href="MedicationStatement-patientprofile1-medhistory-example1.html">?ngen-1?</a></td></tr><tr/></table><table class="grid"><tr style="backgound-color: #eeeeee"/><tr/><tr/></table></div>
  </text>
  <status value="current"/>
  <mode value="snapshot"/>
  <code>
    <coding>
      <system value="https://healthterminologies.gov.au/fhir/CodeSystem/nctis-data-components-1"/>
      <code value="101.32009"/>
      <display value="Current Medicine"/>
    </coding>
  </code>
  <subject>
    <reference value="Patient/example0"/>
  </subject>
  <date value="2019-10-29"/>
  <entry>
    <item>
      <reference value="MedicationStatement/patientprofile1-medhistory-example0"/>
    </item>
  </entry>
  <entry>
    <item>
      <reference value="MedicationStatement/patientprofile1-medhistory-example1"/>
    </item>
  </entry>
</List>