<?xml version="1.0" encoding="UTF-8"?>

<MedicationRequest xmlns="http://hl7.org/fhir">
  <id value="example1"/>
  <meta>
    <profile value="http://fhir.health.nsw.gov.au/fhir/ehealth/itoc/v1.0/StructureDefinition/nswhealthitocorder"/>
  </meta>
  <text>
    <status value="generated"/><div xmlns="http://www.w3.org/1999/xhtml"><p><b>Generated Narrative with Details</b></p><p><b>id</b>: example1</p><p><b>meta</b>: </p><p><b>identifier</b>: Local Prescription Number = 53720010</p><p><b>status</b>: active</p><p><b>intent</b>: instance-order</p><p><b>medication</b>: Amlodipine 10 mg Tablet <span style="background: LightGoldenRodYellow">(Details : {SNOMED CT code '23519011000036101' = 'amlodipine 10 mg tablet', given as 'amlodipine 10 mg tablet'})</span></p><p><b>subject</b>: <a href="Patient-example0.html">Stella Franklin. Generated Summary: id: example0; IHI = 8003608166690503, Medicare Number = 32788511952, Medical Record Number = 123456789, auID = 112233415A; Stella Franklin ; sfranklin@amail.com.au(WORK); gender: female; birthDate: 1985-10-14</a></p><p><b>authoredOn</b>: 14/06/2018 12:00:00 AM</p><p><b>requester</b>: <a href="Practitioner-example0.html">Doctor Mayo. Generated Summary: id: example0; HPI-I = 8003619900015717, Prescriber Number = 453221, StaffLink Number = 8234234234; active; Helen Mayo ; helen.mayo@downunderhospital.com.au(WORK)</a></p><p><b>reasonCode</b>: Hypertensive disorder, systemic arterial <span style="background: LightGoldenRodYellow">(Details : {SNOMED CT code '38341003' = 'Hypertensive disorder', given as 'Hypertensive disorder, systemic arterial'})</span></p><p><b>dosageInstruction</b>: </p></div>
  </text>
  <extension url="http://hl7.org.au/fhir/StructureDefinition/medication-brand-name">
    <valueString value="APO"/>
  </extension>
  <extension url="http://hl7.org.au/fhir/StructureDefinition/medication-generic-name">
    <valueString value="Amlodipine"/>
  </extension>
  <identifier>
    <type>
      <coding>
        <system value="http://hl7.org.au/fhir/v2/0203"/>
        <code value="LPN"/>
      </coding>
      <text value="Local Prescription Number"/>
    </type>
    <system value="http://ns.health.nsw.gov.au/fhir/ehealth/itoc/id/scriptid"/>
    <value value="53720010"/>
    <assigner>
      <display value="NSW Health"/>
    </assigner>
  </identifier>
  <status value="active"/>
  <intent value="instance-order"/>
  <medicationCodeableConcept>
    <coding>
      <system value="http://snomed.info/sct"/>
      <code value="23519011000036101"/>
      <display value="amlodipine 10 mg tablet"/>
    </coding>
    <text value="Amlodipine 10 mg Tablet"/>
  </medicationCodeableConcept>
  <subject>
    <reference value="Patient/example0"/>
    <display value="Stella Franklin"/>
  </subject>
  <authoredOn value="2018-06-14"/>
  <requester>
    <reference value="Practitioner/example0"/>
    <display value="Doctor Mayo"/>
  </requester>
  <reasonCode>
    <coding>
      <system value="http://snomed.info/sct"/>
      <code value="38341003"/>
      <display value="Hypertensive disorder, systemic arterial"/>
    </coding>
  </reasonCode>
  <dosageInstruction>
    <timing>
      <event value="2020-08-08T08:00:00.000Z"/>
    </timing>
  </dosageInstruction>
</MedicationRequest>