<?xml version="1.0" encoding="UTF-8"?>

<MedicationStatement xmlns="http://hl7.org/fhir">
  <id value="patientprofile1-medhistory-example0"/>
  <meta>
    <profile value="http://fhir.health.nsw.gov.au/fhir/ehealth/itoc/v1.0/StructureDefinition/nswhealthitocmedicationstatement"/>
  </meta>
  <text>
    <status value="generated"/><div xmlns="http://www.w3.org/1999/xhtml"><p><b>Generated Narrative with Details</b></p><p><b>id</b>: patientprofile1-medhistory-example0</p><p><b>meta</b>: </p><p><b>status</b>: active</p><p><b>category</b>: Inpatient <span style="background: LightGoldenRodYellow">(Details : {http://terminology.hl7.org/CodeSystem/medication-statement-category code 'inpatient' = 'Inpatient', given as 'Inpatient'})</span></p><p><b>medication</b>: Amlodipine 10 mg Tablet <span style="background: LightGoldenRodYellow">(Details : {SNOMED CT code '23519011000036101' = '23519011000036101', given as 'amlodipine 10 mg tablet (medicinal product unit of use)'})</span></p><p><b>subject</b>: <a href="Patient-example0.html">Stella Franklin. Generated Summary: id: example0; IHI = 8003608166690503, Medicare Number = 32788511952, medicalRecordNumber = 123456789, auID = 123456789; Stella Franklin ; sfranklin@amail.com.au(WORK); gender: female; birthDate: 1985-10-14</a></p><p><b>dateAsserted</b>: Oct 29, 2019, 12:00:00 AM</p><p><b>informationSource</b>: <a href="Practitioner-example0.html">Doctor Mayo. Generated Summary: id: example0; HPI-I = 8003619900015717, Prescriber Number = 453221, StaffLink Number = 8234234234; active; Helen Mayo ; helen.mayo@downunderhospital.com.au(WORK)</a></p><p><b>reasonCode</b>: Hypertensive disorder, systemic arterial <span style="background: LightGoldenRodYellow">(Details : {SNOMED CT code '38341003' = 'High blood pressure', given as 'Hypertensive disorder, systemic arterial'})</span></p><p><b>note</b>: The patient is not sure when exactly started taking the medication but is certain it's been over a year</p><p><b>dosage</b>: </p></div>
  </text>
  <extension url="http://hl7.org.au/fhir/StructureDefinition/medication-brand-name">
    <valueString value="Norvasc"/>
  </extension>
  <extension url="http://hl7.org.au/fhir/StructureDefinition/medication-generic-name">
    <valueString value="Amlodipine"/>
  </extension>
  <status value="active"/>
  <category>
    <coding>
      <system value="http://terminology.hl7.org/CodeSystem/medication-statement-category"/>
      <code value="inpatient"/>
      <display value="Inpatient"/>
    </coding>
  </category>
  <medicationCodeableConcept>
    <coding>
      <extension url="http://hl7.org.au/fhir/StructureDefinition/medication-type">
        <valueCoding>
          <system value="http://hl7.org.au/fhir/CodeSystem/medication-type"/>
          <code value="UPDSF"/>
          <display value="Unbranded product with strengths and form"/>
        </valueCoding>
      </extension>
      <system value="http://snomed.info/sct"/>
      <code value="23519011000036101"/>
      <display value="amlodipine 10 mg tablet (medicinal product unit of use)"/>
    </coding>
    <text value="Amlodipine 10 mg Tablet"/>
  </medicationCodeableConcept>
  <subject>
    <reference value="Patient/example0"/>
    <display value="Stella Franklin"/>
  </subject>
  <dateAsserted value="2019-10-29"/>
  <informationSource>
    <reference value="Practitioner/example0"/>
    <display value="Doctor Mayo"/>
  </informationSource>
  <reasonCode>
    <coding>
      <system value="http://snomed.info/sct"/>
      <code value="38341003"/>
      <display value="Hypertensive disorder, systemic arterial"/>
    </coding>
  </reasonCode>
  <note>
    <text value="The patient is not sure when exactly started taking the medication but is certain it&#39;s been over a year"/>
  </note>
  <dosage>
    <timing>
      <repeat>
        <frequency value="1"/>
        <period value="1"/>
        <periodUnit value="d"/>
        <when value="MORN"/>
      </repeat>
    </timing>
    <route>
      <coding>
        <system value="http://snomed.info/sct"/>
        <code value="26643006"/>
        <display value="Oral use"/>
      </coding>
      <text value="Oral"/>
    </route>
    <doseAndRate>
      <doseQuantity>
        <value value="10"/>
        <unit value="mg"/>
      </doseQuantity>
    </doseAndRate>
  </dosage>
</MedicationStatement>