<?xml version="1.0" encoding="UTF-8"?>

<MedicationRequest xmlns="http://hl7.org/fhir">
  <id value="example0"/>
  <meta>
    <profile value="http://fhir.health.nsw.gov.au/fhir/ehealth/itoc/v1.0/StructureDefinition/nswhealthitocorder"/>
  </meta>
  <text>
    <status value="generated"/><div xmlns="http://www.w3.org/1999/xhtml"><p><b>Generated Narrative with Details</b></p><p><b>id</b>: example0</p><p><b>meta</b>: </p><p><b>identifier</b>: Local Prescription Number = 53720010</p><p><b>status</b>: active</p><p><b>intent</b>: order</p><p><b>medication</b>: Amlodipine 10 mg Tablet <span style="background: LightGoldenRodYellow">(Details : {SNOMED CT code '23519011000036101' = '23519011000036101', given as 'amlodipine 10 mg tablet'})</span></p><p><b>subject</b>: <a href="Patient-example0.html">Stella Franklin. Generated Summary: id: example0; IHI = 8003608166690503, Medicare Number = 32788511952, medicalRecordNumber = 123456789, auID = 123456789; Stella Franklin ; sfranklin@amail.com.au(WORK); gender: female; birthDate: 1985-10-14</a></p><p><b>authoredOn</b>: 14/06/2018 12:00:00 AM</p><p><b>requester</b>: <a href="Practitioner-example0.html">Doctor Mayo. Generated Summary: id: example0; HPI-I = 8003619900015717, Prescriber Number = 453221, StaffLink Number = 8234234234; active; Helen Mayo ; helen.mayo@downunderhospital.com.au(WORK)</a></p><p><b>reasonCode</b>: Hypertensive disorder, systemic arterial <span style="background: LightGoldenRodYellow">(Details : {SNOMED CT code '38341003' = 'High blood pressure', given as 'Hypertensive disorder, systemic arterial'})</span></p><p><b>dosageInstruction</b>: </p><h3>DispenseRequests</h3><table class="grid"><tr><td>-</td><td><b>ValidityPeriod</b></td><td><b>NumberOfRepeatsAllowed</b></td><td><b>Quantity</b></td><td><b>ExpectedSupplyDuration</b></td></tr><tr><td>*</td><td>15/07/2018 12:00:00 AM --&gt; 15/07/2019 12:00:00 AM</td><td>2</td><td>20 Tab<span style="background: LightGoldenRodYellow"> (Details: http://hl7.org/fhir/v3/orderableDrugForm code Tab = 'Tab')</span></td><td>10 days<span style="background: LightGoldenRodYellow"> (Details: UCUM code d = 'd')</span></td></tr></table></div>
  </text>
  <extension url="http://hl7.org.au/fhir/StructureDefinition/medication-brand-name">
    <valueString value="APO"/>
  </extension>
  <extension url="http://hl7.org.au/fhir/StructureDefinition/medication-generic-name">
    <valueString value="Amlodipine"/>
  </extension>
  <identifier>
    <type>
      <coding>
        <system value="http://hl7.org.au/fhir/v2/0203"/>
        <code value="LPN"/>
      </coding>
      <text value="Local Prescription Number"/>
    </type>
    <system value="http://ns.health.nsw.gov.au/fhir/ehealth/itoc/id/scriptid"/>
    <value value="53720010"/>
    <assigner>
      <display value="NSW Health"/>
    </assigner>
  </identifier>
  <status value="active"/>
  <intent value="order"/>
  <medicationCodeableConcept>
    <coding>
      <system value="http://snomed.info/sct"/>
      <code value="23519011000036101"/>
      <display value="amlodipine 10 mg tablet"/>
    </coding>
    <text value="Amlodipine 10 mg Tablet"/>
  </medicationCodeableConcept>
  <subject>
    <reference value="Patient/example0"/>
    <display value="Stella Franklin"/>
  </subject>
  <authoredOn value="2018-06-14"/>
  <requester>
    <reference value="Practitioner/example0"/>
    <display value="Doctor Mayo"/>
  </requester>
  <reasonCode>
    <coding>
      <system value="http://snomed.info/sct"/>
      <code value="38341003"/>
      <display value="Hypertensive disorder, systemic arterial"/>
    </coding>
  </reasonCode>
  <dosageInstruction>
    <timing>
      <repeat>
        <frequency value="1"/>
        <period value="1"/>
        <periodUnit value="d"/>
        <when value="MORN"/>
      </repeat>
    </timing>
    <route>
      <coding>
        <system value="http://snomed.info/sct"/>
        <code value="26643006"/>
        <display value="Oral use"/>
      </coding>
      <text value="Oral"/>
    </route>
    <doseAndRate>
      <doseQuantity>
        <value value="10"/>
        <unit value="mg"/>
      </doseQuantity>
    </doseAndRate>
  </dosageInstruction>
  <dispenseRequest>
    <validityPeriod>
      <start value="2018-07-15"/>
      <end value="2019-07-15"/>
    </validityPeriod>
    <numberOfRepeatsAllowed value="2"/>
    <quantity>
      <value value="20"/>
      <unit value="Tab"/>
      <system value="http://hl7.org/fhir/v3/orderableDrugForm"/>
      <code value="Tab"/>
    </quantity>
    <expectedSupplyDuration>
      <value value="10"/>
      <unit value="days"/>
      <system value="http://unitsofmeasure.org"/>
      <code value="d"/>
    </expectedSupplyDuration>
  </dispenseRequest>
</MedicationRequest>