<?xml version="1.0" encoding="UTF-8"?>

<Medication xmlns="http://hl7.org/fhir">
  <id value="example3"/>
  <text>
    <status value="generated"/><div xmlns="http://www.w3.org/1999/xhtml"><p><b>Generated Narrative</b></p><p><b>id</b>: example3</p><p><b>code</b>: <span title="Codes: {http://www.imd-soft.com/itoc/codes Free Text Medication}">RESEARCH: PLUS Study (GI-CCT7587)</span></p></div>
  </text>
  <code>
    <coding>
      <system value="http://www.imd-soft.com/itoc/codes"/>
      <code value="Free Text Medication"/>
      <display value="Free Text Medication"/>
    </coding>
    <text value="RESEARCH: PLUS Study (GI-CCT7587)"/>
  </code>
</Medication>