<?xml version="1.0" encoding="UTF-8"?>

<MessageHeader xmlns="http://hl7.org/fhir">
  <id value="example0"/>
  <meta>
    <profile value="http://fhir.health.nsw.gov.au/fhir/ehealth/itoc/v1.0/StructureDefinition/nswhealthitocmessageheader"/>
  </meta>
  <text>
    <status value="generated"/><div xmlns="http://www.w3.org/1999/xhtml"><p><b>Generated Narrative with Details</b></p><p><b>id</b>: example0</p><p><b>meta</b>: </p><p><b>event</b>: This message is a medication history (Details: http://fhir.health.nsw.gov.au/fhir/ehealth/itoc/v1.0/CodeSystem/messagetype code medication-history = 'This message is a medication history', stated as 'null')</p><h3>Sources</h3><table class="grid"><tr><td>-</td><td><b>Name</b></td><td><b>Endpoint</b></td></tr><tr><td>*</td><td>GH</td><td><a href="http://cerner.com">http://cerner.com</a></td></tr></table><p><b>focus</b>: <a href="Patient-example0.html">Generated Summary: id: example0; IHI = 8003608166690503, Medicare Number = 32788511952, Medical Record Number = 123456789, auID = 123456789; Stella Franklin ; sfranklin@amail.com.au(WORK); gender: female; birthDate: 1985-10-14</a></p></div>
  </text>
  <eventCoding>
    <system value="http://fhir.health.nsw.gov.au/fhir/ehealth/itoc/v1.0/CodeSystem/messagetype"/>
    <code value="medication-history"/>
  </eventCoding>
  <source>
    <name value="GH"/>
    <endpoint value="http://cerner.com"/>
  </source>
  <focus>
    <reference value="Patient/example0"/>
  </focus>
</MessageHeader>