<?xml version="1.0" encoding="UTF-8"?>

<Patient xmlns="http://hl7.org/fhir">
  <id value="example0"/>
  <meta>
    <profile value="http://fhir.health.nsw.gov.au/fhir/ehealth/itoc/v1.0/StructureDefinition/nswhealthitocpatient"/>
  </meta>
  <text>
    <status value="generated"/><div xmlns="http://www.w3.org/1999/xhtml"><p><b>Generated Narrative with Details</b></p><p><b>id</b>: example0</p><p><b>meta</b>: </p><p><b>identifier</b>: IHI = 8003608166690503, Medicare Number = 32788511952, Medical Record Number = 123456789, auID = 123456789</p><p><b>name</b>: Stella Franklin </p><p><b>telecom</b>: sfranklin@amail.com.au(WORK)</p><p><b>gender</b>: female</p><p><b>birthDate</b>: 1985-10-14</p><p><b>address</b>: 31 Pacquola Street Blacktown NSW 2148 Australia (HOME)</p></div>
  </text>
  <extension url="http://fhir.health.nsw.gov.au/fhir/ehealth/itoc/v1.0/StructureDefinition/biologicalsex">
    <valueCoding>
      <system value="http://meteor.aihw.gov.au/content/index.phtml/itemId/635126"/>
      <code value="2"/>
      <display value="Female"/>
    </valueCoding>
  </extension>
  <extension url="http://hl7.org.au/fhir/StructureDefinition/indigenous-status">
    <valueCoding>
      <system value="https://healthterminologies.gov.au/fhir/CodeSystem/australian-indigenous-status-1"/>
      <code value="9"/>
      <display value="Not stated/inadequately described"/>
    </valueCoding>
  </extension>
  <identifier>
    <extension url="http://hl7.org.au/fhir/StructureDefinition/ihi-status">
      <valueCoding>
        <system value="https://healthterminologies.gov.au/fhir/CodeSystem/ihi-status-1"/>
        <code value="Active"/>
        <display value="Active"/>
      </valueCoding>
    </extension>
    <extension url="http://hl7.org.au/fhir/StructureDefinition/ihi-record-status">
      <valueCoding>
        <system value="https://healthterminologies.gov.au/fhir/CodeSystem/ihi-record-status-1"/>
        <code value="Verified"/>
        <display value="Verified"/>
      </valueCoding>
    </extension>
    <type>
      <coding>
        <system value="http://terminology.hl7.org/CodeSystem/v2-0203"/>
        <code value="NI"/>
        <display value="National unique individual identifier"/>
      </coding>
      <text value="IHI"/>
    </type>
    <system value="http://ns.electronichealth.net.au/id/hi/ihi/1.0"/>
    <value value="8003608166690503"/>
  </identifier>
  <identifier>
    <type>
      <coding>
        <system value="http://terminology.hl7.org/CodeSystem/v2-0203"/>
        <code value="MC"/>
        <display value="Patient&#39;s Medicare Number"/>
      </coding>
      <text value="Medicare Number"/>
    </type>
    <system value="http://ns.electronichealth.net.au/id/medicare-number"/>
    <value value="32788511952"/>
    <period>
      <end value="2019-05"/>
    </period>
  </identifier>
  <identifier>
    <type>
      <coding>
        <system value="http://terminology.hl7.org/CodeSystem/v2-0203"/>
        <code value="MR"/>
        <display value="Medical record number"/>
      </coding>
      <text value="Medical Record Number"/>
    </type>
    <system value="http://ns.health.nsw.gov.au/fhir/ehealth/itoc/id/mrn/1.0"/>
    <value value="123456789"/>
    <assigner>
      <reference value="Organization/example0"/>
    </assigner>
  </identifier>
  <identifier>
    <type>
      <text value="auID"/>
    </type>
    <system value="http://ns.health.nsw.gov.au/fhir/ehealth/itoc/id/auid/1.0"/>
    <value value="123456789"/>
  </identifier>
  <name>
    <family value="Franklin"/>
    <given value="Stella"/>
  </name>
  <telecom>
    <system value="email"/>
    <value value="sfranklin@amail.com.au"/>
    <use value="work"/>
  </telecom>
  <gender value="female"/>
  <birthDate value="1985-10-14"/>
  <address>
    <use value="home"/>
    <line value="31 Pacquola Street"/>
    <city value="Blacktown"/>
    <state value="NSW"/>
    <postalCode value="2148"/>
    <country value="Australia"/>
  </address>
</Patient>