<?xml version="1.0" encoding="UTF-8"?>

<Practitioner xmlns="http://hl7.org/fhir">
  <id value="example0"/>
  <meta>
    <profile value="http://fhir.health.nsw.gov.au/fhir/ehealth/itoc/v1.0/StructureDefinition/nswhealthitocpractitioner"/>
  </meta>
  <text>
    <status value="generated"/><div xmlns="http://www.w3.org/1999/xhtml"><p><b>Generated Narrative with Details</b></p><p><b>id</b>: example0</p><p><b>meta</b>: </p><p><b>identifier</b>: HPI-I = 8003619900015717, Prescriber Number = 453221, StaffLink Number = 8234234234</p><p><b>active</b>: true</p><p><b>name</b>: Helen Mayo </p><p><b>telecom</b>: helen.mayo@downunderhospital.com.au(WORK)</p><p><b>address</b>: 3 McGregor Street Blacktown NSW 2148 Australia (WORK)</p><h3>Qualifications</h3><table class="grid"><tr><td>-</td><td><b>Identifier</b></td><td><b>Code</b></td><td><b>Issuer</b></td></tr><tr><td>*</td><td>AHPRA Registration Number = MED0000932945</td><td>Emergency Registrar <span style="background: LightGoldenRodYellow">(Details : {http://www.abs.gov.au/ausstats/abs@.nsf/mf/1220.0 code '253111' = 'General  Practitioner', given as 'Emergency Registrar'})</span></td><td>AHPRA</td></tr></table></div>
  </text>
  <identifier>
    <type>
      <coding>
        <system value="http://terminology.hl7.org/CodeSystem/v2-0203"/>
        <code value="NPI"/>
        <display value="National provider identifier"/>
      </coding>
      <text value="HPI-I"/>
    </type>
    <system value="http://ns.electronichealth.net.au/id/hi/hpii/1.0"/>
    <value value="8003619900015717"/>
  </identifier>
  <identifier>
    <type>
      <coding>
        <system value="http://terminology.hl7.org.au/CodeSystem/v2-0203"/>
        <code value="PRES"/>
        <display value="Prescriber Number"/>
      </coding>
      <text value="Prescriber Number"/>
    </type>
    <system value="http://ns.electronichealth.net.au/id/medicare-prescriber-number"/>
    <value value="453221"/>
  </identifier>
  <identifier>
    <type>
      <coding>
        <system value="http://terminology.hl7.org.au/CodeSystem/v2-0203"/>
        <code value="DN"/>
        <display value="Doctor number"/>
      </coding>
      <text value="StaffLink Number"/>
    </type>
    <system value="http://ns.health.nsw.gov.au/fhir/ehealth/itoc/id/stafflinkid/1.0"/>
    <value value="8234234234"/>
  </identifier>
  <active value="true"/>
  <name>
    <family value="Mayo"/>
    <given value="Helen"/>
    <prefix value="Dr"/>
  </name>
  <telecom>
    <system value="email"/>
    <value value="helen.mayo@downunderhospital.com.au"/>
    <use value="work"/>
  </telecom>
  <address>
    <use value="work"/>
    <line value="3 McGregor Street"/>
    <city value="Blacktown"/>
    <state value="NSW"/>
    <postalCode value="2148"/>
    <country value="Australia"/>
  </address>
  <qualification>
    <identifier>
      <type>
        <coding>
          <system value="http://terminology.hl7.org.au/CodeSystem/v2-0203"/>
          <code value="AHPRA"/>
          <display value="Australian Health Practitioner Regulation Agency Registration Number"/>
        </coding>
        <text value="AHPRA Registration Number"/>
      </type>
      <system value="http://hl7.org.au/id/ahpra-registration-number"/>
      <value value="MED0000932945"/>
    </identifier>
    <code>
      <coding>
        <system value="http://www.abs.gov.au/ausstats/abs@.nsf/mf/1220.0"/>
        <code value="253111"/>
        <display value="Emergency Registrar"/>
      </coding>
      <text value="Emergency Registrar"/>
    </code>
    <issuer>
      <display value="AHPRA"/>
    </issuer>
  </qualification>
</Practitioner>