<?xml version="1.0" encoding="UTF-8"?>

<ValueSet xmlns="http://hl7.org/fhir">
  <id value="messagetype"/>
  <text>
    <status value="generated"/><div xmlns="http://www.w3.org/1999/xhtml"><h2>Message Header Type</h2><div><p>Message Header Types for Integrated Transitions of Care (iTOC) Messages</p>
</div><p>This value set includes codes from the following code systems:</p><ul><li>Include these codes as defined in <code>http://fhir.health.nsw.gov.au/fhir/ehealth/itoc/v1.0/CodeSystem/messagetypes</code><table class="none"><tr><td style="white-space:nowrap"><b>Code</b></td><td><b>Display</b></td></tr><tr><td>medication-list</td><td>This message is a medication list</td><td/></tr></table></li><li>Include these codes as defined in <code>http://fhir.health.nsw.gov.au/fhir/ehealth/itoc/v1.0/CodeSystem/messagetypes</code><table class="none"><tr><td style="white-space:nowrap"><b>Code</b></td><td><b>Display</b></td></tr><tr><td>medication-history</td><td>This message is a medication history</td><td/></tr></table></li><li>Include these codes as defined in <code>http://fhir.health.nsw.gov.au/fhir/ehealth/itoc/v1.0/CodeSystem/messagetypes</code><table class="none"><tr><td style="white-space:nowrap"><b>Code</b></td><td><b>Display</b></td></tr><tr><td>medication-administration-record</td><td>This message is a medication administration record</td><td/></tr></table></li><li>Include these codes as defined in <code>http://fhir.health.nsw.gov.au/fhir/ehealth/itoc/v1.0/CodeSystem/messagetypes</code><table class="none"><tr><td style="white-space:nowrap"><b>Code</b></td><td><b>Display</b></td></tr><tr><td>reconciled-medication-list</td><td>This message is a reconciled medication list</td><td/></tr></table></li></ul></div>
  </text>
  <url value="http://fhir.health.nsw.gov.au/fhir/ehealth/itoc/v1.0/ValueSet/messagetype"/>
  <identifier>
    <system value="urn:ietf:rfc:3986"/>
    <value value="urn:oid:2.16.840.1.113883.2.3.4.2.2.16"/>
  </identifier>
  <version value="1.0.0"/>
  <name value="MessageHeaderType"/>
  <title value="Message Header Type"/>
  <status value="active"/>
  <experimental value="false"/>
  <date value="2019-11-22T00:00:00+11:00"/>
  <publisher value="NSW eHealth"/>
  <description value="Message Header Types for Integrated Transitions of Care (iTOC) Messages"/>
  <compose>
    <include>
      <system value="http://fhir.health.nsw.gov.au/fhir/ehealth/itoc/v1.0/CodeSystem/messagetypes"/>
      <concept>
        <code value="medication-list"/>
        <display value="This message is a medication list"/>
      </concept>
    </include>
    <include>
      <system value="http://fhir.health.nsw.gov.au/fhir/ehealth/itoc/v1.0/CodeSystem/messagetypes"/>
      <concept>
        <code value="medication-history"/>
        <display value="This message is a medication history"/>
      </concept>
    </include>
    <include>
      <system value="http://fhir.health.nsw.gov.au/fhir/ehealth/itoc/v1.0/CodeSystem/messagetypes"/>
      <concept>
        <code value="medication-administration-record"/>
        <display value="This message is a medication administration record"/>
      </concept>
    </include>
    <include>
      <system value="http://fhir.health.nsw.gov.au/fhir/ehealth/itoc/v1.0/CodeSystem/messagetypes"/>
      <concept>
        <code value="reconciled-medication-list"/>
        <display value="This message is a reconciled medication list"/>
      </concept>
    </include>
  </compose>
</ValueSet>