<?xml version="1.0" encoding="UTF-8"?>

<ValueSet xmlns="http://hl7.org/fhir">
  <id value="messagetype"/>
  <text>
    <status value="generated"/><div xmlns="http://www.w3.org/1999/xhtml"><h2>Message Header Type</h2><div><p>Message Header Types for Integrated Transitions of Care (iTOC) Messages</p>
</div><ul><li>Include all codes defined in <a href="CodeSystem-messagetype.html"><code>http://fhir.health.nsw.gov.au/fhir/ehealth/itoc/v1.0/CodeSystem/messagetype</code></a></li></ul></div>
  </text>
  <url value="http://fhir.health.nsw.gov.au/fhir/ehealth/itoc/v1.0/ValueSet/messagetype"/>
  <identifier>
    <system value="urn:ietf:rfc:3986"/>
    <value value="urn:oid:2.16.840.1.113883.2.3.4.2.2.16"/>
  </identifier>
  <version value="1.0.0"/>
  <name value="MessageHeaderType"/>
  <title value="Message Header Type"/>
  <status value="active"/>
  <experimental value="false"/>
  <date value="2019-11-22T00:00:00+11:00"/>
  <publisher value="NSW eHealth"/>
  <description value="Message Header Types for Integrated Transitions of Care (iTOC) Messages"/>
  <compose>
    <include>
      <system value="http://fhir.health.nsw.gov.au/fhir/ehealth/itoc/v1.0/CodeSystem/messagetype"/>
    </include>
  </compose>
</ValueSet>