{"resourceType":"ImplementationGuide","id":"nswhealth-itoc","text":{"status":"generated","div":"<div xmlns=\"http://www.w3.org/1999/xhtml\"><h2>NSWHealthTOCImplementationGuide</h2><p>The official URL for this implementation guide is: </p><pre>http://fhir.health.nsw.gov.au/fhir/ehealth/itoc/v1.0/ImplementationGuide/nswhealth-itoc</pre></div>"},"url":"http://fhir.health.nsw.gov.au/fhir/ehealth/itoc/v1.0/ImplementationGuide/nswhealth-itoc","version":"1.0.0","name":"NSWHealthTOCImplementationGuide","status":"draft","experimental":true,"date":"2019-10-29T00:00:00+11:00","publisher":"NSW Health","contact":[{"name":"NSW eHealth Transitions of Care Project"}],"jurisdiction":[{"coding":[{"system":"urn:iso:std:iso:3166","code":"AU"}]}],"fhirVersion":"4.0.1","dependency":[{"type":"reference","uri":"http://hl7.org.au/fhir"}],"package":[{"id":"p1","name":"base","resource":[{"extension":[{"url":"http://hl7.org/fhir/StructureDefinition/implementationguide-page","valueUri":"StructureDefinition-nswhealthitocmessageheader.html"}],"example":false,"sourceReference":{"reference":"StructureDefinition/nswhealthitocmessageheader"}},{"extension":[{"url":"http://hl7.org/fhir/StructureDefinition/implementationguide-page","valueUri":"StructureDefinition-nswhealthitocpatient.html"}],"example":false,"sourceReference":{"reference":"StructureDefinition/nswhealthitocpatient"}},{"extension":[{"url":"http://hl7.org/fhir/StructureDefinition/implementationguide-page","valueUri":"StructureDefinition-nswhealthitocencounter.html"}],"example":false,"sourceReference":{"reference":"StructureDefinition/nswhealthitocencounter"}},{"extension":[{"url":"http://hl7.org/fhir/StructureDefinition/implementationguide-page","valueUri":"StructureDefinition-nswhealthitocpractitioner.html"}],"example":false,"sourceReference":{"reference":"StructureDefinition/nswhealthitocpractitioner"}},{"extension":[{"url":"http://hl7.org/fhir/StructureDefinition/implementationguide-page","valueUri":"StructureDefinition-nswhealthitocmedication.html"}],"example":false,"sourceReference":{"reference":"StructureDefinition/nswhealthitocmedication"}},{"extension":[{"url":"http://hl7.org/fhir/StructureDefinition/implementationguide-page","valueUri":"StructureDefinition-nswhealthitocmedicationstatement.html"}],"example":false,"sourceReference":{"reference":"StructureDefinition/nswhealthitocmedicationstatement"}},{"extension":[{"url":"http://hl7.org/fhir/StructureDefinition/implementationguide-page","valueUri":"StructureDefinition-nswhealthitocmedicationadministration.html"}],"example":false,"sourceReference":{"reference":"StructureDefinition/nswhealthitocmedicationadministration"}},{"extension":[{"url":"http://hl7.org/fhir/StructureDefinition/implementationguide-page","valueUri":"StructureDefinition-nswhealthitocorder.html"}],"example":false,"sourceReference":{"reference":"StructureDefinition/nswhealthitocorder"}},{"extension":[{"url":"http://hl7.org/fhir/StructureDefinition/implementationguide-page","valueUri":"StructureDefinition-nswhealthitocdosage.html"}],"example":false,"sourceReference":{"reference":"StructureDefinition/nswhealthitocdosage"}},{"extension":[{"url":"http://hl7.org/fhir/StructureDefinition/implementationguide-page","valueUri":"StructureDefinition-nswhealthitocmedicationlist.html"}],"example":false,"sourceReference":{"reference":"StructureDefinition/nswhealthitocmedicationlist"}},{"extension":[{"url":"http://hl7.org/fhir/StructureDefinition/implementationguide-page","valueUri":"StructureDefinition-nswhealthitocallergyintolerance.html"}],"example":false,"sourceReference":{"reference":"StructureDefinition/nswhealthitocallergyintolerance"}},{"extension":[{"url":"http://hl7.org/fhir/StructureDefinition/implementationguide-page","valueUri":"StructureDefinition-nswhealthitocallergyintolerancelist.html"}],"example":false,"sourceReference":{"reference":"StructureDefinition/nswhealthitocallergyintolerancelist"}},{"extension":[{"url":"http://hl7.org/fhir/StructureDefinition/implementationguide-page","valueUri":"StructureDefinition-biologicalsex.html"}],"example":false,"sourceReference":{"reference":"StructureDefinition/biologicalsex"}},{"extension":[{"url":"http://hl7.org/fhir/StructureDefinition/implementationguide-page","valueUri":"StructureDefinition-diluent.html"}],"example":false,"sourceReference":{"reference":"StructureDefinition/diluent"}},{"extension":[{"url":"http://hl7.org/fhir/StructureDefinition/implementationguide-page","valueUri":"StructureDefinition-medicationcheckundertaken.html"}],"example":false,"sourceReference":{"reference":"StructureDefinition/medicationcheckundertaken"}},{"extension":[{"url":"http://hl7.org/fhir/StructureDefinition/implementationguide-page","valueUri":"StructureDefinition-medlist-lookup.html"}],"example":false,"sourceReference":{"reference":"OperationDefinition/medlist-lookup"}},{"extension":[{"url":"http://hl7.org/fhir/StructureDefinition/implementationguide-page","valueUri":"Patient-example0.html"}],"example":true,"name":"Patient with IHI and Medicare Number","description":"Shows a typical patient using identifier profiles for IHI, Medicare Number and the extension for Indigenous Status","sourceReference":{"reference":"Patient/example0"}},{"extension":[{"url":"http://hl7.org/fhir/StructureDefinition/implementationguide-page","valueUri":"Practitioner-example0.html"}],"example":true,"name":"Practitioner with HPI-I, Prescriber Number and AHPRA Registration Number","sourceReference":{"reference":"Practitioner/example0"}},{"extension":[{"url":"http://hl7.org/fhir/StructureDefinition/implementationguide-page","valueUri":"Practitioner-example1.html"}],"example":true,"name":"Registered Nurse","sourceReference":{"reference":"Practitioner/example1"}},{"extension":[{"url":"http://hl7.org/fhir/StructureDefinition/implementationguide-page","valueUri":"Practitioner-example2.html"}],"example":true,"name":"Registered Nurse","sourceReference":{"reference":"Practitioner/example2"}},{"extension":[{"url":"http://hl7.org/fhir/StructureDefinition/implementationguide-page","valueUri":"MedicationStatement-patientprofile1-medhistory-example0.html"}],"example":true,"name":"Basic MedicationStatement example","sourceReference":{"reference":"MedicationStatement/patientprofile1-medhistory-example0"}},{"extension":[{"url":"http://hl7.org/fhir/StructureDefinition/implementationguide-page","valueUri":"MedicationStatement-patientprofile1-medhistory-example1.html"}],"example":true,"name":"Basic MedicationStatement example","sourceReference":{"reference":"MedicationStatement/patientprofile1-medhistory-example1"}},{"extension":[{"url":"http://hl7.org/fhir/StructureDefinition/implementationguide-page","valueUri":"MedicationStatement-patientprofile1-medhistory-example2.html"}],"example":true,"name":"Basic MedicationStatement example","sourceReference":{"reference":"MedicationStatement/patientprofile1-medhistory-example2"}},{"extension":[{"url":"http://hl7.org/fhir/StructureDefinition/implementationguide-page","valueUri":"List-medhistory-list-example0.html"}],"example":true,"name":"Basic Medication List example","sourceReference":{"reference":"List/medhistory-list-example0"}},{"extension":[{"url":"http://hl7.org/fhir/StructureDefinition/implementationguide-page","valueUri":"Encounter-example0.html"}],"example":true,"name":"Basic Encounter example","sourceReference":{"reference":"Encounter/example0"}},{"extension":[{"url":"http://hl7.org/fhir/StructureDefinition/implementationguide-page","valueUri":"Bundle-patientprofile1-medhistory.html"}],"example":true,"name":"Basic Bundle example","sourceReference":{"reference":"Bundle/patientprofile1-medhistory"}},{"extension":[{"url":"http://hl7.org/fhir/StructureDefinition/implementationguide-page","valueUri":"MessageHeader-example0.html"}],"example":true,"name":"Basic Message Header example","sourceReference":{"reference":"MessageHeader/example0"}},{"extension":[{"url":"http://hl7.org/fhir/StructureDefinition/implementationguide-page","valueUri":"MedicationAdministration-patientprofile1-mar-example0.html"}],"example":true,"name":"Basic MedicationAdministration example","sourceReference":{"reference":"MedicationAdministration/patientprofile1-mar-example0"}},{"extension":[{"url":"http://hl7.org/fhir/StructureDefinition/implementationguide-page","valueUri":"Medication-GenericPack0.html"}],"example":true,"name":"Basic Medication example","sourceReference":{"reference":"Medication/GenericPack0"}},{"extension":[{"url":"http://hl7.org/fhir/StructureDefinition/implementationguide-page","valueUri":"MedicationRequest-example0.html"}],"example":true,"name":"Basic MedicationOrder example","sourceReference":{"reference":"MedicationRequest/example0"}}]}],"page":{"source":"index.html","title":"NSW Health Integrated Transitions of Care (iTOC) Implementation Guide","kind":"page"}}