{"resourceType":"ValueSet","id":"messagetype","text":{"status":"generated","div":"<div xmlns=\"http://www.w3.org/1999/xhtml\"><h2>Message Header Type</h2><div><p>Message Header Types for Integrated Transitions of Care (iTOC) Messages</p>\n</div><p>This value set includes codes from the following code systems:</p><ul><li>Include these codes as defined in <code>http://fhir.health.nsw.gov.au/fhir/ehealth/itoc/v1.0/CodeSystem/messagetypes</code><table class=\"none\"><tr><td style=\"white-space:nowrap\"><b>Code</b></td><td><b>Display</b></td></tr><tr><td>medication-list</td><td>This message is a medication list</td><td/></tr></table></li><li>Include these codes as defined in <code>http://fhir.health.nsw.gov.au/fhir/ehealth/itoc/v1.0/CodeSystem/messagetypes</code><table class=\"none\"><tr><td style=\"white-space:nowrap\"><b>Code</b></td><td><b>Display</b></td></tr><tr><td>medication-history</td><td>This message is a medication history</td><td/></tr></table></li><li>Include these codes as defined in <code>http://fhir.health.nsw.gov.au/fhir/ehealth/itoc/v1.0/CodeSystem/messagetypes</code><table class=\"none\"><tr><td style=\"white-space:nowrap\"><b>Code</b></td><td><b>Display</b></td></tr><tr><td>medication-administration-record</td><td>This message is a medication administration record</td><td/></tr></table></li><li>Include these codes as defined in <code>http://fhir.health.nsw.gov.au/fhir/ehealth/itoc/v1.0/CodeSystem/messagetypes</code><table class=\"none\"><tr><td style=\"white-space:nowrap\"><b>Code</b></td><td><b>Display</b></td></tr><tr><td>reconciled-medication-list</td><td>This message is a reconciled medication list</td><td/></tr></table></li></ul></div>"},"url":"http://fhir.health.nsw.gov.au/fhir/ehealth/itoc/v1.0/ValueSet/messagetype","identifier":[{"system":"urn:ietf:rfc:3986","value":"urn:oid:2.16.840.1.113883.2.3.4.2.2.16"}],"version":"1.0.0","name":"MessageHeaderType","title":"Message Header Type","status":"active","experimental":false,"date":"2019-11-22T00:00:00+11:00","publisher":"NSW eHealth","description":"Message Header Types for Integrated Transitions of Care (iTOC) Messages","compose":{"include":[{"system":"http://fhir.health.nsw.gov.au/fhir/ehealth/itoc/v1.0/CodeSystem/messagetypes","concept":[{"code":"medication-list","display":"This message is a medication list"}]},{"system":"http://fhir.health.nsw.gov.au/fhir/ehealth/itoc/v1.0/CodeSystem/messagetypes","concept":[{"code":"medication-history","display":"This message is a medication history"}]},{"system":"http://fhir.health.nsw.gov.au/fhir/ehealth/itoc/v1.0/CodeSystem/messagetypes","concept":[{"code":"medication-administration-record","display":"This message is a medication administration record"}]},{"system":"http://fhir.health.nsw.gov.au/fhir/ehealth/itoc/v1.0/CodeSystem/messagetypes","concept":[{"code":"reconciled-medication-list","display":"This message is a reconciled medication list"}]}]}}