<?xml version="1.0" encoding="UTF-8"?>

<Bundle xmlns="http://hl7.org/fhir">
  <id value="patientprofile1-medhistory"/>
  <type value="message"/>
  <entry>
    <fullUrl value="urn:uuid:e22a6ef2-db29-426d-91bb-bcdc4935b4f0"/>
    <resource>
      <MessageHeader>
        <id value="example0"/>
        <meta>
          <profile value="http://fhir.health.nsw.gov.au/fhir/ehealth/itoc/v1.0/StructureDefinition/nswhealthitocmessageheader"/>
        </meta>
        <text>
          <status value="generated"/><div xmlns="http://www.w3.org/1999/xhtml"><p><b>Generated Narrative</b></p></div>
        </text>
        <eventCoding>
          <system value="http://fhir.health.nsw.gov.au/fhir/ehealth/itoc/v1.0/CodeSystem/messagetype"/>
          <code value="medication-history"/>
        </eventCoding>
        <source>
          <name value="GH"/>
          <endpoint value="http://cerner.com"/>
        </source>
        <focus>
          <reference value="urn:uuid:c1643934-e8e0-4ca9-a30a-df11d4918308"/>
        </focus>
      </MessageHeader>
    </resource>
  </entry>
  <entry>
    <fullUrl value="urn:uuid:c1643934-e8e0-4ca9-a30a-df11d4918308"/>
    <resource>
      <Patient>
        <id value="example0"/>
        <meta>
          <profile value="http://fhir.health.nsw.gov.au/fhir/ehealth/itoc/v1.0/StructureDefinition/nswhealthitocpatient"/>
        </meta>
        <text>
          <status value="generated"/><div xmlns="http://www.w3.org/1999/xhtml"><p><b>Generated Narrative</b></p></div>
        </text>
        <extension url="http://fhir.health.nsw.gov.au/fhir/ehealth/itoc/v1.0/StructureDefinition/biologicalsex">
          <valueCoding>
            <system value="http://meteor.aihw.gov.au/content/index.phtml/itemId/635126"/>
            <code value="2"/>
            <display value="Female"/>
          </valueCoding>
        </extension>
        <extension url="http://hl7.org.au/fhir/StructureDefinition/indigenous-status">
          <valueCoding>
            <system value="https://healthterminologies.gov.au/fhir/CodeSystem/australian-indigenous-status-1"/>
            <code value="9"/>
            <display value="Not stated/inadequately described"/>
          </valueCoding>
        </extension>
        <identifier>
          <extension url="http://hl7.org.au/fhir/StructureDefinition/ihi-status">
            <valueCoding>
              <system value="https://healthterminologies.gov.au/fhir/CodeSystem/ihi-status-1"/>
              <code value="Active"/>
              <display value="Active"/>
            </valueCoding>
          </extension>
          <extension url="http://hl7.org.au/fhir/StructureDefinition/ihi-record-status">
            <valueCoding>
              <system value="https://healthterminologies.gov.au/fhir/CodeSystem/ihi-record-status-1"/>
              <code value="Verified"/>
              <display value="Verified"/>
            </valueCoding>
          </extension>
          <type>
            <coding>
              <system value="http://terminology.hl7.org/CodeSystem/v2-0203"/>
              <code value="NI"/>
              <display value="National unique individual identifier"/>
            </coding>
            <text value="IHI"/>
          </type>
          <system value="http://ns.electronichealth.net.au/id/hi/ihi/1.0"/>
          <value value="8003608166690503"/>
        </identifier>
        <identifier>
          <type>
            <coding>
              <system value="http://terminology.hl7.org/CodeSystem/v2-0203"/>
              <code value="MC"/>
              <display value="Patient&#39;s Medicare Number"/>
            </coding>
            <text value="Medicare Number"/>
          </type>
          <system value="http://ns.electronichealth.net.au/id/medicare-number"/>
          <value value="32788511952"/>
          <period>
            <end value="2019-05"/>
          </period>
        </identifier>
        <identifier>
          <type>
            <coding>
              <system value="http://terminology.hl7.org/CodeSystem/v2-0203"/>
              <code value="MR"/>
              <display value="Medical record number"/>
            </coding>
            <text value="Medical Record Number"/>
          </type>
          <system value="http://ns.health.nsw.gov.au/fhir/ehealth/itoc/id/mrn/1.0"/>
          <value value="123456789"/>
          <assigner>
            <reference value="Organization/example0"/>
          </assigner>
        </identifier>
        <identifier>
          <type>
            <text value="auID"/>
          </type>
          <system value="http://ns.health.nsw.gov.au/fhir/ehealth/itoc/id/auid/1.0"/>
          <value value="123456789"/>
        </identifier>
        <name>
          <family value="Franklin"/>
          <given value="Stella"/>
        </name>
        <telecom>
          <system value="email"/>
          <value value="sfranklin@amail.com.au"/>
          <use value="work"/>
        </telecom>
        <gender value="female"/>
        <birthDate value="1985-10-14"/>
        <address>
          <use value="home"/>
          <line value="31 Pacquola Street"/>
          <city value="Blacktown"/>
          <state value="NSW"/>
          <postalCode value="2148"/>
          <country value="Australia"/>
        </address>
      </Patient>
    </resource>
  </entry>
  <entry>
    <fullUrl value="urn:uuid:e7a1bd40-421d-4159-a7ad-b3446092ec4e"/>
    <resource>
      <List>
        <id value="medhistory-list-example0"/>
        <text>
          <status value="generated"/><div xmlns="http://www.w3.org/1999/xhtml"><p><b>Generated Narrative</b></p></div>
        </text>
        <status value="current"/>
        <mode value="snapshot"/>
        <code>
          <coding>
            <system value="https://healthterminologies.gov.au/fhir/CodeSystem/nctis-data-components-1"/>
            <code value="101.32009"/>
            <display value="Current Medicine"/>
          </coding>
        </code>
        <subject>
          <reference value="urn:uuid:c1643934-e8e0-4ca9-a30a-df11d4918308"/>
        </subject>
        <date value="2019-10-29"/>
        <entry>
          <item>
            <reference value="urn:uuid:db9c49b1-fa73-4059-9739-93a2806573fe"/>
          </item>
        </entry>
        <entry>
          <item>
            <reference value="urn:uuid:7201b613-378e-4454-a0ff-b3701fdf9230"/>
          </item>
        </entry>
      </List>
    </resource>
  </entry>
  <entry>
    <fullUrl value="urn:uuid:db9c49b1-fa73-4059-9739-93a2806573fe"/>
    <resource>
      <MedicationStatement>
        <id value="patientprofile1-medhistory-example0"/>
        <meta>
          <profile value="http://fhir.health.nsw.gov.au/fhir/ehealth/itoc/v1.0/StructureDefinition/nswhealthitocmedicationstatement"/>
        </meta>
        <text>
          <status value="generated"/><div xmlns="http://www.w3.org/1999/xhtml"><p><b>Generated Narrative</b></p></div>
        </text>
        <extension url="http://hl7.org.au/fhir/StructureDefinition/medication-brand-name">
          <valueString value="Norvasc"/>
        </extension>
        <extension url="http://hl7.org.au/fhir/StructureDefinition/medication-generic-name">
          <valueString value="Amlodipine"/>
        </extension>
        <status value="active"/>
        <category>
          <coding>
            <system value="http://terminology.hl7.org/CodeSystem/medication-statement-category"/>
            <code value="inpatient"/>
            <display value="Inpatient"/>
          </coding>
        </category>
        <medicationCodeableConcept>
          <coding>
            <extension url="http://hl7.org.au/fhir/StructureDefinition/medication-type">
              <valueCoding>
                <system value="http://hl7.org.au/fhir/CodeSystem/medication-type"/>
                <code value="UPDSF"/>
                <display value="Unbranded product with strengths and form"/>
              </valueCoding>
            </extension>
            <system value="http://snomed.info/sct"/>
            <code value="23519011000036101"/>
            <display value="amlodipine 10 mg tablet"/>
          </coding>
          <text value="Amlodipine 10 mg Tablet"/>
        </medicationCodeableConcept>
        <subject>
          <reference value="urn:uuid:c1643934-e8e0-4ca9-a30a-df11d4918308"/>
          <display value="Stella Franklin"/>
        </subject>
        <dateAsserted value="2019-10-29"/>
        <informationSource>
          <reference value="urn:uuid:a68058ed-c34c-4910-b537-4a2c3ed6c81a"/>
          <display value="Doctor Mayo"/>
        </informationSource>
        <reasonCode>
          <coding>
            <system value="http://snomed.info/sct"/>
            <code value="38341003"/>
            <display value="Hypertensive disorder, systemic arterial"/>
          </coding>
        </reasonCode>
        <note>
          <text value="The patient is not sure when exactly started taking the medication but is certain it&#39;s been over a year"/>
        </note>
        <dosage>
          <timing>
            <repeat>
              <frequency value="1"/>
              <period value="1"/>
              <periodUnit value="d"/>
              <when value="MORN"/>
            </repeat>
          </timing>
          <route>
            <coding>
              <system value="http://snomed.info/sct"/>
              <code value="26643006"/>
              <display value="Oral use"/>
            </coding>
            <text value="Oral"/>
          </route>
          <doseAndRate>
            <doseQuantity>
              <value value="10"/>
              <unit value="mg"/>
            </doseQuantity>
          </doseAndRate>
        </dosage>
      </MedicationStatement>
    </resource>
  </entry>
  <entry>
    <fullUrl value="urn:uuid:7201b613-378e-4454-a0ff-b3701fdf9230"/>
    <resource>
      <MedicationStatement>
        <id value="patientprofile1-medhistory-example1"/>
        <meta>
          <profile value="http://fhir.health.nsw.gov.au/fhir/ehealth/itoc/v1.0/StructureDefinition/nswhealthitocmedicationstatement"/>
        </meta>
        <text>
          <status value="generated"/><div xmlns="http://www.w3.org/1999/xhtml"><p><b>Generated Narrative</b></p></div>
        </text>
        <extension url="http://hl7.org.au/fhir/StructureDefinition/medication-brand-name">
          <valueString value="Ventolin"/>
        </extension>
        <extension url="http://hl7.org.au/fhir/StructureDefinition/medication-generic-name">
          <valueString value="Salbutamol"/>
        </extension>
        <status value="active"/>
        <category>
          <text value="inpatient"/>
        </category>
        <medicationCodeableConcept>
          <coding>
            <extension url="http://hl7.org.au/fhir/StructureDefinition/medication-type">
              <valueCoding>
                <system value="http://hl7.org.au/fhir/CodeSystem/medication-type"/>
                <code value="UPDSF"/>
                <display value="Unbranded product with strengths and form"/>
              </valueCoding>
            </extension>
            <system value="http://snomed.info/sct"/>
            <code value="45078011000036105"/>
            <display value="salbutamol 200 microgram powder for inhalation, unit dose"/>
          </coding>
          <text value="Salbutamol 200 microgram powder for inhalation, unit dose"/>
        </medicationCodeableConcept>
        <subject>
          <reference value="urn:uuid:c1643934-e8e0-4ca9-a30a-df11d4918308"/>
          <display value="Stella Franklin"/>
        </subject>
        <effectivePeriod>
          <start value="2018-01-01"/>
        </effectivePeriod>
        <dateAsserted value="2019-10-29"/>
        <informationSource>
          <reference value="urn:uuid:a68058ed-c34c-4910-b537-4a2c3ed6c81a"/>
          <display value="Doctor Mayo"/>
        </informationSource>
        <dosage>
          <timing>
            <repeat>
              <frequency value="1"/>
              <period value="4"/>
              <periodUnit value="h"/>
            </repeat>
          </timing>
          <asNeededCodeableConcept>
            <coding>
              <system value="http://snomed.info/sct"/>
              <code value="195967001"/>
              <display value="Asthma"/>
            </coding>
          </asNeededCodeableConcept>
          <route>
            <coding>
              <system value="http://snomed.info/sct"/>
              <code value="26643006"/>
              <display value="Oral use"/>
            </coding>
            <text value="Oral"/>
          </route>
          <doseAndRate>
            <doseQuantity>
              <value value="200"/>
              <unit value="microg"/>
            </doseQuantity>
          </doseAndRate>
        </dosage>
      </MedicationStatement>
    </resource>
  </entry>
  <entry>
    <fullUrl value="urn:uuid:a68058ed-c34c-4910-b537-4a2c3ed6c81a"/>
    <resource>
      <Practitioner>
        <id value="example0"/>
        <meta>
          <profile value="http://fhir.health.nsw.gov.au/fhir/ehealth/itoc/v1.0/StructureDefinition/nswhealthitocpractitioner"/>
        </meta>
        <text>
          <status value="generated"/><div xmlns="http://www.w3.org/1999/xhtml"><p><b>Generated Narrative</b></p></div>
        </text>
        <identifier>
          <type>
            <coding>
              <system value="http://terminology.hl7.org/CodeSystem/v2-0203"/>
              <code value="NPI"/>
              <display value="National provider identifier"/>
            </coding>
            <text value="HPI-I"/>
          </type>
          <system value="http://ns.electronichealth.net.au/id/hi/hpii/1.0"/>
          <value value="8003619900015717"/>
        </identifier>
        <identifier>
          <type>
            <coding>
              <system value="http://terminology.hl7.org.au/CodeSystem/v2-0203"/>
              <code value="PRES"/>
              <display value="Prescriber Number"/>
            </coding>
            <text value="Prescriber Number"/>
          </type>
          <system value="http://ns.electronichealth.net.au/id/medicare-prescriber-number"/>
          <value value="453221"/>
        </identifier>
        <identifier>
          <type>
            <text value="StaffLink Number"/>
          </type>
          <system value="http://ns.health.nsw.gov.au/fhir/ehealth/itoc/id/stafflinkid/1.0"/>
          <value value="8234234234"/>
        </identifier>
        <active value="true"/>
        <name>
          <family value="Mayo"/>
          <given value="Helen"/>
          <prefix value="Dr"/>
        </name>
        <telecom>
          <system value="email"/>
          <value value="helen.mayo@downunderhospital.com.au"/>
          <use value="work"/>
        </telecom>
        <address>
          <use value="work"/>
          <line value="3 McGregor Street"/>
          <city value="Blacktown"/>
          <state value="NSW"/>
          <postalCode value="2148"/>
          <country value="Australia"/>
        </address>
        <qualification>
          <identifier>
            <type>
              <coding>
                <system value="http://terminology.hl7.org.au/CodeSystem/v2-0203"/>
                <code value="AHPRA"/>
                <display value="Australian Health Practitioner Regulation Agency Registration Number"/>
              </coding>
              <text value="AHPRA Registration Number"/>
            </type>
            <system value="http://hl7.org.au/id/ahpra-registration-number"/>
            <value value="MED0000932945"/>
          </identifier>
          <code>
            <coding>
              <system value="http://www.abs.gov.au/ausstats/abs@.nsf/mf/1220.0"/>
              <code value="253111"/>
              <display value="General Practitioner"/>
            </coding>
            <text value="General Practitioner"/>
          </code>
          <issuer>
            <display value="AHPRA"/>
          </issuer>
        </qualification>
      </Practitioner>
    </resource>
  </entry>
</Bundle>