{
  "resourceType": "CodeSystem",
  "id": "messagetype",
  "text": {
    "status": "generated",
    "div": "<div xmlns=\"http://www.w3.org/1999/xhtml\"><p>This code system http://fhir.health.nsw.gov.au/fhir/ehealth/itoc/v1.0/CodeSystem/messagetype defines the following codes:</p><table class=\"codes\"><tr><td style=\"white-space:nowrap\"><b>Code</b></td><td><b>Display</b></td><td><b>Definition</b></td></tr><tr><td style=\"white-space:nowrap\">medication-list<a name=\"messagetype-medication-list\"> </a></td><td>This message is a medication list</td><td/></tr><tr><td style=\"white-space:nowrap\">medication-history<a name=\"messagetype-medication-history\"> </a></td><td>This message is a medication history</td><td/></tr><tr><td style=\"white-space:nowrap\">medication-administration-record<a name=\"messagetype-medication-administration-record\"> </a></td><td>This message is a medication administration record</td><td/></tr><tr><td style=\"white-space:nowrap\">reconciled-medication-list<a name=\"messagetype-reconciled-medication-list\"> </a></td><td>This message is a reconciled medication list</td><td/></tr></table></div>"
  },
  "url": "http://fhir.health.nsw.gov.au/fhir/ehealth/itoc/v1.0/CodeSystem/messagetype",
  "identifier": [
    {
      "system": "urn:ietf:rfc:3986",
      "value": "urn:oid:1.2.36.1.2001.1004.200.10012"
    }
  ],
  "version": "1.0.0",
  "name": "MessageHeaderType",
  "title": "Message Header Type",
  "status": "active",
  "experimental": false,
  "date": "2019-11-22T00:00:00+11:00",
  "publisher": "NSW eHealth",
  "description": "Message Header Types for Integrated Transitions of Care (iTOC) Messages",
  "caseSensitive": true,
  "compositional": false,
  "versionNeeded": false,
  "content": "complete",
  "count": 2,
  "concept": [
    {
      "code": "medication-list",
      "display": "This message is a medication list"
    },
    {
      "code": "medication-history",
      "display": "This message is a medication history"
    },
    {
      "code": "medication-administration-record",
      "display": "This message is a medication administration record"
    },
    {
      "code": "reconciled-medication-list",
      "display": "This message is a reconciled medication list"
    }
  ]
}