<?xml version="1.0" encoding="UTF-8"?>

<Encounter xmlns="http://hl7.org/fhir">
  <id value="example0"/>
  <meta>
    <profile value="http://fhir.health.nsw.gov.au/fhir/ehealth/itoc/v1.0/StructureDefinition/nswhealthitocencounter"/>
  </meta>
  <text>
    <status value="generated"/><div xmlns="http://www.w3.org/1999/xhtml"><p><b>Generated Narrative with Details</b></p><p><b>id</b>: example0</p><p><b>meta</b>: </p><p><b>status</b>: finished</p><p><b>class</b>: inpatient acute (Details: http://terminology.hl7.org/CodeSystem/v3-ActCode code ACUTE = 'inpatient acute', stated as 'inpatient acute')</p><p><b>type</b>: Prenatal visit <span style="background: LightGoldenRodYellow">(Details : {SNOMED CT code '424619006' = 'Prenatal visit', given as 'Prenatal visit'})</span></p><p><b>subject</b>: <a href="Patient-example0.html">Stella Franklin. Generated Summary: id: example0; IHI = 8003608166690503, Medicare Number = 32788511952, Medical Record Number = 123456789, auID = 123456789; Stella Franklin ; sfranklin@amail.com.au(WORK); gender: female; birthDate: 1985-10-14</a></p><h3>Participants</h3><table class="grid"><tr><td>-</td><td><b>Individual</b></td></tr><tr><td>*</td><td><a href="Practitioner-example0.html">Doctor Mayo. Generated Summary: id: example0; HPI-I = 8003619900015717, Prescriber Number = 453221, StaffLink Number = 8234234234; active; Helen Mayo ; helen.mayo@downunderhospital.com.au(WORK)</a></td></tr></table><p><b>period</b>: 03/11/2011 8:29:46 AM --&gt; 03/11/2011 9:14:46 AM</p><p><b>reasonCode</b>: Normal pregnancy <span style="background: LightGoldenRodYellow">(Details : {SNOMED CT code '72892002' = 'Normal pregnancy', given as 'Normal pregnancy'})</span></p></div>
  </text>
  <extension url="http://fhir.health.nsw.gov.au/fhir/ehealth/itoc/v1.0/StructureDefinition/medicationcheckundertaken">
    <valueBoolean value="true"/>
  </extension>
  <status value="finished"/>
  <class>
    <system value="http://terminology.hl7.org/CodeSystem/v3-ActCode"/>
    <code value="ACUTE"/>
    <display value="inpatient acute"/>
  </class>
  <type>
    <coding>
      <system value="http://snomed.info/sct"/>
      <code value="424619006"/>
      <display value="Prenatal visit"/>
    </coding>
    <text value="Prenatal visit"/>
  </type>
  <subject>
    <reference value="Patient/example0"/>
    <display value="Stella Franklin"/>
  </subject>
  <participant>
    <individual>
      <reference value="Practitioner/example0"/>
      <display value="Doctor Mayo"/>
    </individual>
  </participant>
  <period>
    <start value="2011-11-03T08:29:46+11:00"/>
    <end value="2011-11-03T09:14:46+11:00"/>
  </period>
  <reasonCode>
    <coding>
      <system value="http://snomed.info/sct"/>
      <code value="72892002"/>
      <display value="Normal pregnancy"/>
    </coding>
  </reasonCode>
</Encounter>