{
  "resourceType": "List",
  "id": "medhistory-list-example0",
  "meta": {
    "profile": [
      "http://fhir.health.nsw.gov.au/fhir/ehealth/itoc/v1.0/StructureDefinition/nswhealthitocmedicationlist"
    ]
  },
  "text": {
    "status": "generated",
    "div": "<div xmlns=\"http://www.w3.org/1999/xhtml\"><table class=\"clstu\"><tr><td>Date: 29/10/2019 12:00:00 AMMode: snapshotStatus: currentCode: Current MedicineSubject: <a href=\"Patient-example0.html\">Generated Summary: id: example0; IHI = 8003608166690503, Medicare Number = 32788511952, Medical Record Number = 123456789, auID = 112233415A; Stella Franklin ; sfranklin@amail.com.au(WORK); gender: female; birthDate: 1985-10-14</a><b>Items</b><a href=\"MedicationStatement-patientprofile1-medhistory-example0.html\">Generated Summary: id: patientprofile1-medhistory-example0; status: active; <span title=\"Codes: {http://terminology.hl7.org/CodeSystem/medication-statement-category inpatient}\">Inpatient</span>; ?ngen-3; dateAsserted: 29/10/2019 12:00:00 AM; <span title=\"Codes: {http://snomed.info/sct 38341003}\">Hypertensive disorder, systemic arterial</span>; Annotation: The patient is not sure when exactly started taking the medication but is certain it's been over a year; </a><a href=\"MedicationStatement-patientprofile1-medhistory-example1.html\">Generated Summary: id: patientprofile1-medhistory-example1; status: active; <span title=\"Codes: \">inpatient</span>; ?ngen-3; effective: 01/01/2018 12:00:00 AM --&gt; (ongoing); dateAsserted: 29/10/2019 12:00:00 AM; </a></td></tr><tr></tr></table><table class=\"grid\"><tr style=\"backgound-color: #eeeeee\"></tr><tr></tr><tr></tr></table></div>"
  },
  "status": "current",
  "mode": "snapshot",
  "code": {
    "coding": [
      {
        "system": "https://healthterminologies.gov.au/fhir/CodeSystem/nctis-data-components-1",
        "code": "101.32009",
        "display": "Current Medicine"
      }
    ]
  },
  "subject": {
    "reference": "Patient/example0"
  },
  "date": "2019-10-29",
  "entry": [
    {
      "item": {
        "reference": "MedicationStatement/patientprofile1-medhistory-example0"
      }
    },
    {
      "item": {
        "reference": "MedicationStatement/patientprofile1-medhistory-example1"
      }
    }
  ]
}