{
  "resourceType": "List",
  "id": "medhistory-list-example0",
  "meta": {
    "profile": [
      "http://fhir.health.nsw.gov.au/fhir/ehealth/itoc/v1.0/StructureDefinition/nswhealthitocmedicationlist"
    ]
  },
  "text": {
    "status": "generated",
    "div": "<div xmlns=\"http://www.w3.org/1999/xhtml\"><table class=\"clstu\"><tr><td>Date: 29/10/2019 12:00:00 AMMode: snapshotStatus: currentCode: Current MedicineSubject: <a href=\"Patient-example0.html\">??</a><b>Items</b><a href=\"MedicationStatement-patientprofile1-medhistory-example0.html\">??</a><a href=\"MedicationStatement-patientprofile1-medhistory-example1.html\">??</a></td></tr><tr/></table><table class=\"grid\"><tr style=\"backgound-color: #eeeeee\"/><tr/><tr/></table></div>"
  },
  "status": "current",
  "mode": "snapshot",
  "code": {
    "coding": [
      {
        "system": "https://healthterminologies.gov.au/fhir/CodeSystem/nctis-data-components-1",
        "code": "101.32009",
        "display": "Current Medicine"
      }
    ]
  },
  "subject": {
    "reference": "Patient/example0"
  },
  "date": "2019-10-29",
  "entry": [
    {
      "item": {
        "reference": "MedicationStatement/patientprofile1-medhistory-example0"
      }
    },
    {
      "item": {
        "reference": "MedicationStatement/patientprofile1-medhistory-example1"
      }
    }
  ]
}