{
  "resourceType": "List",
  "id": "medhistory-list-example0",
  "text": {
    "status": "generated",
    "div": "<div xmlns=\"http://www.w3.org/1999/xhtml\"><p><b>Generated Narrative with Details</b></p><p><b>id</b>: medhistory-list-example0</p><p><b>status</b>: current</p><p><b>mode</b>: snapshot</p><p><b>code</b>: Current Medicine <span style=\"background: LightGoldenRodYellow\">(Details : {https://healthterminologies.gov.au/fhir/CodeSystem/nctis-data-components-1 code '101.32009' = '101.32009', given as 'Current Medicine'})</span></p><p><b>subject</b>: <a href=\"Patient-example0.html\">Generated Summary: id: example0; IHI = 8003608166690503, Medicare Number = 32788511952, medicalRecordNumber = 123456789, auID = 123456789; Stella Franklin ; sfranklin@amail.com.au(WORK); gender: female; birthDate: 1985-10-14</a></p><p><b>date</b>: 29/10/2019 12:00:00 AM</p><blockquote><p><b>entry</b></p><p><b>item</b>: <a href=\"MedicationStatement-patientprofile1-medhistory-example0.html\">Generated Summary: id: patientprofile1-medhistory-example0; status: active; <span title=\"Codes: {http://terminology.hl7.org/CodeSystem/medication-statement-category inpatient}\">Inpatient</span>; <span title=\"Codes: {http://snomed.info/sct 23519011000036101}\">Amlodipine 10 mg Tablet</span>; dateAsserted: 29/10/2019 12:00:00 AM; <span title=\"Codes: {http://snomed.info/sct 38341003}\">Hypertensive disorder, systemic arterial</span>; Annotation: The patient is not sure when exactly started taking the medication but is certain it's been over a year; </a></p></blockquote><blockquote><p><b>entry</b></p><p><b>item</b>: <a href=\"MedicationStatement-patientprofile1-medhistory-example1.html\">Generated Summary: id: patientprofile1-medhistory-example1; status: active; <span title=\"Codes: \">inpatient</span>; <span title=\"Codes: {http://snomed.info/sct 45078011000036105}\">Salbutamol 200 microgram powder for inhalation, 200 microgram unit dose</span>; effective: 01/01/2018 12:00:00 AM --&gt; (ongoing); dateAsserted: 29/10/2019 12:00:00 AM; </a></p></blockquote></div>"
  },
  "status": "current",
  "mode": "snapshot",
  "code": {
    "coding": [
      {
        "system": "https://healthterminologies.gov.au/fhir/CodeSystem/nctis-data-components-1",
        "code": "101.32009",
        "display": "Current Medicine"
      }
    ]
  },
  "subject": {
    "reference": "Patient/example0"
  },
  "date": "2019-10-29",
  "entry": [
    {
      "item": {
        "reference": "MedicationStatement/patientprofile1-medhistory-example0"
      }
    },
    {
      "item": {
        "reference": "MedicationStatement/patientprofile1-medhistory-example1"
      }
    }
  ]
}