<?xml version="1.0" encoding="UTF-8"?>

<Medication xmlns="http://hl7.org/fhir">
  <id value="GenericPack0"/>
  <text>
    <status value="generated"/><div xmlns="http://www.w3.org/1999/xhtml"><p><b>Generated Narrative with Details</b></p><p><b>id</b>: GenericPack0</p><p><b>code</b>: Paracetamol 500mg (100) <span style="background: LightGoldenRodYellow">(Details : {http://acme.com.au/generic-packages code '5636-24556' = '5636-24556', given as 'Paracetamol 500mg (100)'}; {http://www.whocc.no/atc code 'N02BE01' = 'N02BE01', given as 'Paracetamol'}; {SNOMED CT code '28314011000036104' = '28314011000036104', given as 'paracetamol 500 mg tablet, 100'})</span></p><p><b>form</b>: Tablet <span style="background: LightGoldenRodYellow">(Details )</span></p></div>
  </text>
  <code>
    <coding>
      <extension url="http://hl7.org.au/fhir/StructureDefinition/medication-type">
        <valueCoding>
          <system value="http://hl7.org.au/fhir/CodeSystem/medication-type"/>
          <code value="UPG"/>
          <display value="Unbranded package with no container"/>
        </valueCoding>
      </extension>
      <system value="http://acme.com.au/generic-packages"/>
      <code value="5636-24556"/>
      <display value="Paracetamol 500mg (100)"/>
    </coding>
    <coding>
      <system value="http://www.whocc.no/atc"/>
      <code value="N02BE01"/>
      <display value="Paracetamol"/>
    </coding>
    <coding>
      <extension url="http://hl7.org.au/fhir/StructureDefinition/medication-type">
        <valueCoding>
          <system value="http://hl7.org.au/fhir/CodeSystem/medication-type"/>
          <code value="UPG"/>
          <display value="Unbranded package with no container"/>
        </valueCoding>
      </extension>
      <system value="http://snomed.info/sct"/>
      <code value="28314011000036104"/>
      <display value="paracetamol 500 mg tablet, 100"/>
    </coding>
    <text value="Paracetamol 500mg (100)"/>
  </code>
  <form>
    <text value="Tablet"/>
  </form>
</Medication>