<?xml version="1.0" encoding="UTF-8"?>

<Medication xmlns="http://hl7.org/fhir">
  <id value="example1"/>
  <text>
    <status value="generated"/><div xmlns="http://www.w3.org/1999/xhtml"><p><b>Generated Narrative with Details</b></p><p><b>id</b>: example1</p><p><b>code</b>: pantoprazole <span style="background: LightGoldenRodYellow">(Details : {SNOMED CT code '21563011000036107' = '21563011000036107', given as 'pantoprazole'}; {http://www.imd-soft.com/itoc/codes code '13614' = '13614', given as 'pantoprazole'}; {http://cerner.com/itoc/codes code 'MUL.ORD-SYN!12418' = 'MUL.ORD-SYN!12418', given as 'pantoprazole'})</span></p></div>
  </text>
  <extension url="http://hl7.org.au/fhir/StructureDefinition/medication-generic-name">
    <valueString value="Pantoprazole"/>
  </extension>
  <code>
    <coding>
      <extension url="http://hl7.org.au/fhir/StructureDefinition/medication-type">
        <valueCoding>
          <system value="http://hl7.org.au/fhir/CodeSystem/medication-type"/>
          <code value="UPD"/>
          <display value="Unbranded product with no strengths or form"/>
        </valueCoding>
      </extension>
      <system value="http://snomed.info/sct"/>
      <code value="21563011000036107"/>
      <display value="pantoprazole"/>
    </coding>
    <coding>
      <extension url="http://hl7.org.au/fhir/StructureDefinition/medication-type">
        <valueCoding>
          <system value="http://hl7.org.au/fhir/CodeSystem/medication-type"/>
          <code value="UPD"/>
          <display value="Unbranded product with no strengths or form"/>
        </valueCoding>
      </extension>
      <system value="http://www.imd-soft.com/itoc/codes"/>
      <code value="13614"/>
      <display value="pantoprazole"/>
    </coding>
    <coding>
      <extension url="http://hl7.org.au/fhir/StructureDefinition/medication-type">
        <valueCoding>
          <system value="http://hl7.org.au/fhir/CodeSystem/medication-type"/>
          <code value="UPD"/>
          <display value="Unbranded product with no strengths or form"/>
        </valueCoding>
      </extension>
      <system value="http://cerner.com/itoc/codes"/>
      <code value="MUL.ORD-SYN!12418"/>
      <display value="pantoprazole"/>
    </coding>
    <text value="pantoprazole"/>
  </code>
</Medication>