<?xml version="1.0" encoding="UTF-8"?>

<Medication xmlns="http://hl7.org/fhir">
  <id value="example3"/>
  <text>
    <status value="generated"/><div xmlns="http://www.w3.org/1999/xhtml"><p><b>Generated Narrative with Details</b></p><p><b>id</b>: example3</p><p><b>code</b>: Salbutamol 200 microgram powder for inhalation, unit dose <span style="background: LightGoldenRodYellow">(Details : {SNOMED CT code '45078011000036105' = 'salbutamol 200 microgram powder for inhalation, unit dose', given as 'salbutamol 200 microgram powder for inhalation, unit dose'})</span></p><p><b>form</b>: Infusion <span style="background: LightGoldenRodYellow">(Details )</span></p></div>
  </text>
  <code>
    <coding>
      <extension url="http://hl7.org.au/fhir/StructureDefinition/medication-type">
        <valueCoding>
          <system value="http://hl7.org.au/fhir/CodeSystem/medication-type"/>
          <code value="UPDSF"/>
          <display value="Unbranded product with strengths and form"/>
        </valueCoding>
      </extension>
      <system value="http://snomed.info/sct"/>
      <code value="45078011000036105"/>
      <display value="salbutamol 200 microgram powder for inhalation, unit dose"/>
    </coding>
    <text value="Salbutamol 200 microgram powder for inhalation, unit dose"/>
  </code>
  <form>
    <text value="Infusion"/>
  </form>
</Medication>