<?xml version="1.0" encoding="UTF-8"?>

<MedicationStatement xmlns="http://hl7.org/fhir">
  <id value="patientprofile1-medhistory-example1"/>
  <meta>
    <profile value="http://fhir.health.nsw.gov.au/fhir/ehealth/itoc/v1.0/StructureDefinition/nswhealthitocmedicationstatement"/>
  </meta>
  <text>
    <status value="generated"/><div xmlns="http://www.w3.org/1999/xhtml"><p><b>Generated Narrative</b></p><p><b>id</b>: patientprofile1-medhistory-example1</p><p><b>meta</b>: </p><p><b>status</b>: active</p><p><b>category</b>: <span title="Codes: ">inpatient</span></p><p><b>medication</b>: <a href="Medication-example2.html">Generated Summary: id: example2; <span title="Codes: {http://snomed.info/sct 45078011000036105}">Salbutamol 200 microgram powder for inhalation, unit dose</span>; <span title="Codes: ">Inhalation</span></a></p><p><b>subject</b>: <a href="Patient-example0.html">Stella Franklin. Generated Summary: id: example0; IHI = 8003608166690503, Medicare Number = 32788511952, Medical Record Number = 123456789, auID = 112233415A; Stella Franklin ; sfranklin@amail.com.au(WORK); gender: female; birthDate: 1985-10-14</a></p><p><b>effective</b>: 01/01/2018 12:00:00 AM --&gt; (ongoing)</p><p><b>dateAsserted</b>: 29/10/2019 12:00:00 AM</p><p><b>informationSource</b>: <a href="Practitioner-example0.html">Doctor Mayo. Generated Summary: id: example0; HPI-I = 8003619900015717, Prescriber Number = 453221, StaffLink Number = 8234234234; active; Helen Mayo ; helen.mayo@downunderhospital.com.au(WORK)</a></p><p><b>dosage</b>: </p></div>
  </text>
  <extension url="http://hl7.org.au/fhir/StructureDefinition/medication-brand-name">
    <valueString value="Ventolin"/>
  </extension>
  <extension url="http://hl7.org.au/fhir/StructureDefinition/medication-generic-name">
    <valueString value="Salbutamol"/>
  </extension>
  <status value="active"/>
  <category>
    <text value="inpatient"/>
  </category>
  <medicationReference>
    <reference value="Medication/example2"/>
  </medicationReference>
  <subject>
    <reference value="Patient/example0"/>
    <display value="Stella Franklin"/>
  </subject>
  <effectivePeriod>
    <start value="2018-01-01"/>
  </effectivePeriod>
  <dateAsserted value="2019-10-29"/>
  <informationSource>
    <reference value="Practitioner/example0"/>
    <display value="Doctor Mayo"/>
  </informationSource>
  <dosage>
    <timing>
      <repeat>
        <frequency value="1"/>
        <period value="4"/>
        <periodUnit value="h"/>
      </repeat>
    </timing>
    <asNeededCodeableConcept>
      <coding>
        <system value="http://snomed.info/sct"/>
        <code value="195967001"/>
        <display value="Asthma"/>
      </coding>
    </asNeededCodeableConcept>
    <route>
      <coding>
        <system value="http://snomed.info/sct"/>
        <code value="26643006"/>
        <display value="Oral use"/>
      </coding>
      <text value="Oral"/>
    </route>
    <doseAndRate>
      <doseQuantity>
        <value value="200"/>
        <unit value="microg"/>
      </doseQuantity>
    </doseAndRate>
  </dosage>
</MedicationStatement>