<?xml version="1.0" encoding="UTF-8"?>

<MedicationStatement xmlns="http://hl7.org/fhir">
  <id value="patientprofile1-medhistory-example2"/>
  <meta>
    <profile value="http://fhir.health.nsw.gov.au/fhir/ehealth/itoc/v1.0/StructureDefinition/nswhealthitocmedicationstatement"/>
  </meta>
  <text>
    <status value="generated"/><div xmlns="http://www.w3.org/1999/xhtml"><p><b>Generated Narrative with Details</b></p><p><b>id</b>: patientprofile1-medhistory-example2</p><p><b>meta</b>: </p><p><b>status</b>: active</p><p><b>category</b>: Inpatient <span style="background: LightGoldenRodYellow">(Details : {http://terminology.hl7.org/CodeSystem/medication-statement-category code 'inpatient' = 'Inpatient', given as 'Inpatient'})</span></p><p><b>medication</b>: Pantoprazole <span style="background: LightGoldenRodYellow">(Details : {SNOMED CT code '21563011000036107' = '21563011000036107', given as 'pantoprazole'}; {http://cerner.com/itoc/codes code 'MUL.ORD-SYN!12418' = 'MUL.ORD-SYN!12418', given as 'pantoprazole'}; {http://www.imd-soft.com/itoc/codes code '13614' = '13614', given as 'pantoprazole'})</span></p><p><b>subject</b>: <a href="Patient-example0.html">Stella Franklin. Generated Summary: id: example0; IHI = 8003608166690503, Medicare Number = 32788511952, medicalRecordNumber = 123456789, auID = 123456789; Stella Franklin ; sfranklin@amail.com.au(WORK); gender: female; birthDate: 1985-10-14</a></p><p><b>dateAsserted</b>: Oct 29, 2019, 12:00:00 AM</p><p><b>informationSource</b>: <a href="Practitioner-example0.html">Doctor Mayo. Generated Summary: id: example0; HPI-I = 8003619900015717, Prescriber Number = 453221, StaffLink Number = 8234234234; active; Helen Mayo ; helen.mayo@downunderhospital.com.au(WORK)</a></p><p><b>dosage</b>: </p></div>
  </text>
  <extension url="http://hl7.org.au/fhir/StructureDefinition/medication-generic-name">
    <valueString value="Pantoprazole"/>
  </extension>
  <status value="active"/>
  <category>
    <coding>
      <system value="http://terminology.hl7.org/CodeSystem/medication-statement-category"/>
      <code value="inpatient"/>
      <display value="Inpatient"/>
    </coding>
  </category>
  <medicationCodeableConcept>
    <coding>
      <extension url="http://hl7.org.au/fhir/StructureDefinition/medication-type">
        <valueCoding>
          <system value="http://hl7.org.au/fhir/CodeSystem/medication-type"/>
          <code value="UPD"/>
          <display value="Unbranded product with no strengths or form"/>
        </valueCoding>
      </extension>
      <system value="http://snomed.info/sct"/>
      <code value="21563011000036107"/>
      <display value="pantoprazole"/>
    </coding>
    <coding>
      <extension url="http://hl7.org.au/fhir/StructureDefinition/medication-type">
        <valueCoding>
          <system value="http://hl7.org.au/fhir/CodeSystem/medication-type"/>
          <code value="UPD"/>
          <display value="Unbranded product with no strengths or form"/>
        </valueCoding>
      </extension>
      <system value="http://cerner.com/itoc/codes"/>
      <code value="MUL.ORD-SYN!12418"/>
      <display value="pantoprazole"/>
    </coding>
    <coding>
      <extension url="http://hl7.org.au/fhir/StructureDefinition/medication-type">
        <valueCoding>
          <system value="http://hl7.org.au/fhir/CodeSystem/medication-type"/>
          <code value="UPD"/>
          <display value="Unbranded product with no strengths or form"/>
        </valueCoding>
      </extension>
      <system value="http://www.imd-soft.com/itoc/codes"/>
      <code value="13614"/>
      <display value="pantoprazole"/>
    </coding>
    <text value="Pantoprazole"/>
  </medicationCodeableConcept>
  <subject>
    <reference value="Patient/example0"/>
    <display value="Stella Franklin"/>
  </subject>
  <dateAsserted value="2019-10-29"/>
  <informationSource>
    <reference value="Practitioner/example0"/>
    <display value="Doctor Mayo"/>
  </informationSource>
  <dosage>
    <timing>
      <repeat>
        <frequency value="1"/>
        <period value="1"/>
        <periodUnit value="d"/>
        <when value="MORN"/>
      </repeat>
    </timing>
    <route>
      <coding>
        <system value="http://snomed.info/sct"/>
        <code value="26643006"/>
        <display value="Oral use"/>
      </coding>
      <text value="Oral"/>
    </route>
  </dosage>
</MedicationStatement>