<?xml version="1.0" encoding="UTF-8"?>

<Medication xmlns="http://hl7.org/fhir">
  <id value="example0"/>
  <text>
    <status value="generated"/><div xmlns="http://www.w3.org/1999/xhtml"><p><b>Generated Narrative with Details</b></p><p><b>id</b>: example0</p><p><b>code</b>: Amlodipine 10 mg Tablet <span style="background: LightGoldenRodYellow">(Details : {SNOMED CT code '23519011000036101' = '23519011000036101', given as 'amlodipine 10 mg tablet (medicinal product unit of use)'})</span></p><p><b>form</b>: Tablet <span style="background: LightGoldenRodYellow">(Details )</span></p></div>
  </text>
  <extension url="http://hl7.org.au/fhir/StructureDefinition/medication-brand-name">
    <valueString value="Norvasc"/>
  </extension>
  <extension url="http://hl7.org.au/fhir/StructureDefinition/medication-generic-name">
    <valueString value="Amlodipine"/>
  </extension>
  <code>
    <coding>
      <extension url="http://hl7.org.au/fhir/StructureDefinition/medication-type">
        <valueCoding>
          <system value="http://hl7.org.au/fhir/CodeSystem/medication-type"/>
          <code value="UPDSF"/>
          <display value="Unbranded product with strengths and form"/>
        </valueCoding>
      </extension>
      <system value="http://snomed.info/sct"/>
      <code value="23519011000036101"/>
      <display value="amlodipine 10 mg tablet (medicinal product unit of use)"/>
    </coding>
    <text value="Amlodipine 10 mg Tablet"/>
  </code>
  <form>
    <text value="Tablet"/>
  </form>
</Medication>