{
  "resourceType": "OperationDefinition",
  "id": "medlist-lookup",
  "text": {
    "status": "generated",
    "div": "<div xmlns=\"http://www.w3.org/1999/xhtml\"><h2>MedicationListLookup</h2><p>OPERATION: MedicationListLookup</p><p>The official URL for this operation definition is: </p><pre>http://fhir.health.nsw.gov.au/fhir/ehealth/itoc/v1.0/StructureDefinition/medlist-lookup</pre><p>URL: [base]/Bundle/$medlist-lookup</p><p>Parameters</p><table class=\"grid\"><tr><td><b>Use</b></td><td><b>Name</b></td><td><b>Cardinality</b></td><td><b>Type</b></td><td><b>Binding</b></td><td><b>Documentation</b></td></tr><tr><td>IN</td><td>subject</td><td>1..1</td><td><a href=\"http://hl7.org/fhir/R4/patient.html\">Patient</a></td><td/><td><div><p>The Patient for which the medication list is requested. The client system SHALL provide the following details as a part of the Patient resource:\\r\\n1. MRN as identifier\\r\\n2. Name\\r\\n3. birthDate\\r\\n4. Gender</p>\n</div></td></tr><tr><td>OUT</td><td>bundle</td><td>0..1</td><td><a href=\"http://hl7.org/fhir/R4/bundle.html\">Bundle</a></td><td/><td><div><p>The medication list Bundle if the Patient exists. The system SHALL return back the medication list Bundle as specified in this implementation guide.</p>\n</div></td></tr><tr><td>OUT</td><td>outcome</td><td>1..1</td><td><a href=\"http://hl7.org/fhir/R4/operationoutcome.html\">OperationOutcome</a></td><td/><td><div><p>An OperationOutcome containing information on the result.</p>\n</div></td></tr></table><div><p>This operation should be used to look up a patient's medication list. The system will return a bundle with the medication list if the patient exists.</p>\n</div></div>"
  },
  "url": "http://fhir.health.nsw.gov.au/fhir/ehealth/itoc/v1.0/StructureDefinition/medlist-lookup",
  "version": "1.0.0",
  "name": "MedicationListLookup",
  "status": "active",
  "kind": "operation",
  "date": "2019-10-29T00:00:00+11:00",
  "publisher": "NSW eHealth",
  "purpose": "To allow medication list lookup by patient MRN",
  "code": "medlist-lookup",
  "comment": "This operation should be used to look up a patient's medication list. The system will return a bundle with the medication list if the patient exists.",
  "resource": [
    "Bundle"
  ],
  "system": false,
  "type": true,
  "instance": false,
  "parameter": [
    {
      "name": "subject",
      "use": "in",
      "min": 1,
      "max": "1",
      "documentation": "The Patient for which the medication list is requested. The client system SHALL provide the following details as a part of the Patient resource:\\r\\n1. MRN as identifier\\r\\n2. Name\\r\\n3. birthDate\\r\\n4. Gender",
      "type": "Patient"
    },
    {
      "name": "bundle",
      "use": "out",
      "min": 0,
      "max": "1",
      "documentation": "The medication list Bundle if the Patient exists. The system SHALL return back the medication list Bundle as specified in this implementation guide.",
      "type": "Bundle"
    },
    {
      "name": "outcome",
      "use": "out",
      "min": 1,
      "max": "1",
      "documentation": "An OperationOutcome containing information on the result.",
      "type": "OperationOutcome"
    }
  ]
}