<?xml version="1.0" encoding="UTF-8"?>

<Organization xmlns="http://hl7.org/fhir">
  <id value="example0"/>
  <meta>
    <profile value="http://hl7.org.au/fhir/StructureDefinition/au-organization"/>
  </meta>
  <text>
    <status value="generated"/><div xmlns="http://www.w3.org/1999/xhtml"><p><b>Generated Narrative</b></p><p><b>id</b>: example0</p><p><b>meta</b>: </p><p><b>identifier</b>: HPI-O = 8003621566684455</p><p><b>active</b>: true</p><p><b>name</b>: NSW Health</p><p><b>telecom</b>: support@health.nsw.gov.au(WORK)</p></div>
  </text>
  <identifier>
    <type>
      <coding>
        <system value="http://terminology.hl7.org.au/CodeSystem/v2-0203"/>
        <code value="NOI"/>
        <display value="National Organisation Identifier"/>
      </coding>
      <text value="HPI-O"/>
    </type>
    <system value="http://ns.electronichealth.net.au/id/hi/hpio/1.0"/>
    <value value="8003621566684455"/>
  </identifier>
  <active value="true"/>
  <name value="NSW Health"/>
  <telecom>
    <system value="email"/>
    <value value="support@health.nsw.gov.au"/>
    <use value="work"/>
  </telecom>
</Organization>