{
  "resourceType": "Patient",
  "id": "example0",
  "meta": {
    "profile": [
      "http://fhir.health.nsw.gov.au/fhir/ehealth/itoc/v1.0/StructureDefinition/nswhealthitocpatient"
    ]
  },
  "text": {
    "status": "generated",
    "div": "<div xmlns=\"http://www.w3.org/1999/xhtml\"><p><b>Generated Narrative with Details</b></p><p><b>id</b>: example0</p><p><b>meta</b>: </p><p><b>identifier</b>: IHI = 8003608166690503, Medicare Number = 32788511952, Medical Record Number = 123456789, auID = 123456789</p><p><b>name</b>: Stella Franklin </p><p><b>telecom</b>: sfranklin@amail.com.au(WORK)</p><p><b>gender</b>: female</p><p><b>birthDate</b>: 1985-10-14</p><p><b>address</b>: 31 Pacquola Street Blacktown NSW 2148 Australia (HOME)</p></div>"
  },
  "extension": [
    {
      "url": "http://fhir.health.nsw.gov.au/fhir/ehealth/itoc/v1.0/StructureDefinition/biologicalsex",
      "valueCoding": {
        "system": "http://meteor.aihw.gov.au/content/index.phtml/itemId/635126",
        "code": "2",
        "display": "Female"
      }
    },
    {
      "url": "http://hl7.org.au/fhir/StructureDefinition/indigenous-status",
      "valueCoding": {
        "system": "https://healthterminologies.gov.au/fhir/CodeSystem/australian-indigenous-status-1",
        "code": "9",
        "display": "Not stated/inadequately described"
      }
    }
  ],
  "identifier": [
    {
      "extension": [
        {
          "url": "http://hl7.org.au/fhir/StructureDefinition/ihi-status",
          "valueCoding": {
            "system": "https://healthterminologies.gov.au/fhir/CodeSystem/ihi-status-1",
            "code": "Active",
            "display": "Active"
          }
        },
        {
          "url": "http://hl7.org.au/fhir/StructureDefinition/ihi-record-status",
          "valueCoding": {
            "system": "https://healthterminologies.gov.au/fhir/CodeSystem/ihi-record-status-1",
            "code": "Verified",
            "display": "Verified"
          }
        }
      ],
      "type": {
        "coding": [
          {
            "system": "http://terminology.hl7.org/CodeSystem/v2-0203",
            "code": "NI",
            "display": "National unique individual identifier"
          }
        ],
        "text": "IHI"
      },
      "system": "http://ns.electronichealth.net.au/id/hi/ihi/1.0",
      "value": "8003608166690503"
    },
    {
      "type": {
        "coding": [
          {
            "system": "http://terminology.hl7.org/CodeSystem/v2-0203",
            "code": "MC",
            "display": "Patient's Medicare Number"
          }
        ],
        "text": "Medicare Number"
      },
      "system": "http://ns.electronichealth.net.au/id/medicare-number",
      "value": "32788511952",
      "period": {
        "end": "2019-05"
      }
    },
    {
      "type": {
        "coding": [
          {
            "system": "http://terminology.hl7.org/CodeSystem/v2-0203",
            "code": "MR",
            "display": "Medical record number"
          }
        ],
        "text": "Medical Record Number"
      },
      "system": "http://ns.health.nsw.gov.au/fhir/ehealth/itoc/id/mrn/1.0",
      "value": "123456789",
      "assigner": {
        "reference": "Organization/example0"
      }
    },
    {
      "type": {
        "text": "auID"
      },
      "system": "http://ns.health.nsw.gov.au/fhir/ehealth/itoc/id/auid/1.0",
      "value": "123456789"
    }
  ],
  "name": [
    {
      "family": "Franklin",
      "given": [
        "Stella"
      ]
    }
  ],
  "telecom": [
    {
      "system": "email",
      "value": "sfranklin@amail.com.au",
      "use": "work"
    }
  ],
  "gender": "female",
  "birthDate": "1985-10-14",
  "address": [
    {
      "use": "home",
      "line": [
        "31 Pacquola Street"
      ],
      "city": "Blacktown",
      "state": "NSW",
      "postalCode": "2148",
      "country": "Australia"
    }
  ]
}