{
  "resourceType": "Practitioner",
  "id": "example0",
  "meta": {
    "profile": [
      "http://fhir.health.nsw.gov.au/fhir/ehealth/itoc/v1.0/StructureDefinition/nswhealthitocpractitioner"
    ]
  },
  "text": {
    "status": "generated",
    "div": "<div xmlns=\"http://www.w3.org/1999/xhtml\"><p><b>Generated Narrative with Details</b></p><p><b>id</b>: example0</p><p><b>meta</b>: </p><p><b>identifier</b>: HPI-I = 8003619900015717, Prescriber Number = 453221, StaffLink Number = 8234234234</p><p><b>active</b>: true</p><p><b>name</b>: Helen Mayo </p><p><b>telecom</b>: helen.mayo@downunderhospital.com.au(WORK)</p><p><b>address</b>: 3 McGregor Street Blacktown NSW 2148 Australia (WORK)</p><h3>Qualifications</h3><table class=\"grid\"><tr><td>-</td><td><b>Identifier</b></td><td><b>Code</b></td><td><b>Issuer</b></td></tr><tr><td>*</td><td>AHPRA Registration Number = MED0000932945</td><td>Emergency Registrar <span style=\"background: LightGoldenRodYellow\">(Details : {http://www.abs.gov.au/ausstats/abs@.nsf/mf/1220.0 code '253111' = 'General  Practitioner', given as 'Emergency Registrar'})</span></td><td>AHPRA</td></tr></table></div>"
  },
  "identifier": [
    {
      "type": {
        "coding": [
          {
            "system": "http://terminology.hl7.org/CodeSystem/v2-0203",
            "code": "NPI",
            "display": "National provider identifier"
          }
        ],
        "text": "HPI-I"
      },
      "system": "http://ns.electronichealth.net.au/id/hi/hpii/1.0",
      "value": "8003619900015717"
    },
    {
      "type": {
        "coding": [
          {
            "system": "http://terminology.hl7.org.au/CodeSystem/v2-0203",
            "code": "PRES",
            "display": "Prescriber Number"
          }
        ],
        "text": "Prescriber Number"
      },
      "system": "http://ns.electronichealth.net.au/id/medicare-prescriber-number",
      "value": "453221"
    },
    {
      "type": {
        "coding": [
          {
            "system": "http://terminology.hl7.org.au/CodeSystem/v2-0203",
            "code": "DN",
            "display": "Doctor number"
          }
        ],
        "text": "StaffLink Number"
      },
      "system": "http://ns.health.nsw.gov.au/fhir/ehealth/itoc/id/stafflinkid/1.0",
      "value": "8234234234"
    }
  ],
  "active": true,
  "name": [
    {
      "family": "Mayo",
      "given": [
        "Helen"
      ],
      "prefix": [
        "Dr"
      ]
    }
  ],
  "telecom": [
    {
      "system": "email",
      "value": "helen.mayo@downunderhospital.com.au",
      "use": "work"
    }
  ],
  "address": [
    {
      "use": "work",
      "line": [
        "3 McGregor Street"
      ],
      "city": "Blacktown",
      "state": "NSW",
      "postalCode": "2148",
      "country": "Australia"
    }
  ],
  "qualification": [
    {
      "identifier": [
        {
          "type": {
            "coding": [
              {
                "system": "http://terminology.hl7.org.au/CodeSystem/v2-0203",
                "code": "AHPRA",
                "display": "Australian Health Practitioner Regulation Agency Registration Number"
              }
            ],
            "text": "AHPRA Registration Number"
          },
          "system": "http://hl7.org.au/id/ahpra-registration-number",
          "value": "MED0000932945"
        }
      ],
      "code": {
        "coding": [
          {
            "system": "http://www.abs.gov.au/ausstats/abs@.nsf/mf/1220.0",
            "code": "253111",
            "display": "Emergency Registrar"
          }
        ],
        "text": "Emergency Registrar"
      },
      "issuer": {
        "display": "AHPRA"
      }
    }
  ]
}