{
  "package": "nsw.health.fhir.toc",
  "version": "1.0.0",
  "fhirVersion": "4.0.1",
  "jurisdiction": "AU",
  "extensions": [
    {
      "url": "http://fhir.health.nsw.gov.au/fhir/ehealth/itoc/v1.0/StructureDefinition/biologicalsex",
      "title": "BiologicalSex",
      "types": [
        "Coding",
        "Coding"
      ]
    },
    {
      "url": "http://fhir.health.nsw.gov.au/fhir/ehealth/itoc/v1.0/StructureDefinition/diluent",
      "title": "Diluent",
      "types": [
        "Reference"
      ]
    },
    {
      "url": "http://fhir.health.nsw.gov.au/fhir/ehealth/itoc/v1.0/StructureDefinition/medicationcheckundertaken",
      "title": "MedicationCheckUndertaken",
      "types": [
        "boolean",
        "boolean"
      ]
    },
    {
      "url": "http://fhir.health.nsw.gov.au/fhir/ehealth/itoc/v1.0/StructureDefinition/rendereddosageinstruction",
      "title": "RenderedDosageInstruction",
      "types": [
        "string",
        "string"
      ]
    }
  ],
  "profiles": {
    "AllergyIntolerance": [
      {
        "url": "http://fhir.health.nsw.gov.au/fhir/ehealth/itoc/v1.0/StructureDefinition/nswhealthitocallergyintolerance",
        "title": "NSWHealthiTOCAllergyIntolerance"
      }
    ],
    "List": [
      {
        "url": "http://fhir.health.nsw.gov.au/fhir/ehealth/itoc/v1.0/StructureDefinition/nswhealthitocmedicationlist",
        "title": "NSWHealthiTOCMedicationList"
      }
    ],
    "Dosage": [
      {
        "url": "http://fhir.health.nsw.gov.au/fhir/ehealth/itoc/v1.0/StructureDefinition/nswhealthitocdosage",
        "title": "NSWHealthiTOCDosage"
      }
    ],
    "Encounter": [
      {
        "url": "http://fhir.health.nsw.gov.au/fhir/ehealth/itoc/v1.0/StructureDefinition/nswhealthitocencounter",
        "title": "NSWHealthiTOCEncounter"
      }
    ],
    "Medication": [
      {
        "url": "http://fhir.health.nsw.gov.au/fhir/ehealth/itoc/v1.0/StructureDefinition/nswhealthitocmedication",
        "title": "NSWHealthiTOCMedication"
      }
    ],
    "MedicationAdministration": [
      {
        "url": "http://fhir.health.nsw.gov.au/fhir/ehealth/itoc/v1.0/StructureDefinition/nswhealthitocmedicationadministration",
        "title": "NSWHealthiTOCMedicationAdministration"
      }
    ],
    "MedicationStatement": [
      {
        "url": "http://fhir.health.nsw.gov.au/fhir/ehealth/itoc/v1.0/StructureDefinition/nswhealthitocmedicationstatement",
        "title": "NSWHealthiTOCMedicationStatement"
      }
    ],
    "MessageHeader": [
      {
        "url": "http://fhir.health.nsw.gov.au/fhir/ehealth/itoc/v1.0/StructureDefinition/nswhealthitocmessageheader",
        "title": "NSWHealthiTOCMessageHeader"
      }
    ],
    "MedicationRequest": [
      {
        "url": "http://fhir.health.nsw.gov.au/fhir/ehealth/itoc/v1.0/StructureDefinition/nswhealthitocorder",
        "title": "NSWHealthiTOCOrder"
      }
    ],
    "Patient": [
      {
        "url": "http://fhir.health.nsw.gov.au/fhir/ehealth/itoc/v1.0/StructureDefinition/nswhealthitocpatient",
        "title": "NSWHealthiTOCPatient"
      }
    ],
    "Practitioner": [
      {
        "url": "http://fhir.health.nsw.gov.au/fhir/ehealth/itoc/v1.0/StructureDefinition/nswhealthitocpractitioner",
        "title": "NSWHealthiTOCPractitioner"
      }
    ]
  },
  "usage": {
    "http://fhir.health.nsw.gov.au/fhir/ehealth/itoc/v1.0/StructureDefinition/biologicalsex": [
      "Bundle.entry.resource",
      "Patient"
    ],
    "http://fhir.health.nsw.gov.au/fhir/ehealth/itoc/v1.0/StructureDefinition/diluent": [
      "MedicationAdministration",
      "MedicationStatement"
    ],
    "http://fhir.health.nsw.gov.au/fhir/ehealth/itoc/v1.0/StructureDefinition/medicationcheckundertaken": [
      "Encounter"
    ],
    "http://fhir.health.nsw.gov.au/fhir/ehealth/itoc/v1.0/StructureDefinition/rendereddosageinstruction": [
      "MedicationRequest",
      "MedicationStatement"
    ],
    "http://hl7.org.au/fhir/StructureDefinition/author-related-person": [
      "List"
    ],
    "http://hl7.org.au/fhir/StructureDefinition/change-description": [
      "List.entry"
    ],
    "http://hl7.org.au/fhir/StructureDefinition/closing-the-gap-registration": [
      "Patient"
    ],
    "http://hl7.org.au/fhir/StructureDefinition/date-accuracy-indicator": [
      "Patient.birthDate",
      "Patient.deceased[x]"
    ],
    "http://hl7.org.au/fhir/StructureDefinition/grounds-for-concurrent-supply": [
      "MedicationRequest"
    ],
    "http://hl7.org.au/fhir/StructureDefinition/ihi-record-status": [
      "Bundle.entry.resource.identifier",
      "Patient.identifier"
    ],
    "http://hl7.org.au/fhir/StructureDefinition/ihi-status": [
      "Bundle.entry.resource.identifier",
      "Patient.identifier"
    ],
    "http://hl7.org.au/fhir/StructureDefinition/indigenous-status": [
      "Bundle.entry.resource",
      "Patient"
    ],
    "http://hl7.org.au/fhir/StructureDefinition/medication-brand-name": [
      "Bundle.entry.resource",
      "Medication",
      "MedicationRequest",
      "MedicationStatement"
    ],
    "http://hl7.org.au/fhir/StructureDefinition/medication-generic-name": [
      "Bundle.entry.resource",
      "Medication",
      "MedicationRequest",
      "MedicationStatement"
    ],
    "http://hl7.org.au/fhir/StructureDefinition/medication-long-term": [
      "MedicationStatement"
    ],
    "http://hl7.org.au/fhir/StructureDefinition/medication-type": [
      "Bundle.entry.resource.medicationCodeableConcept.coding",
      "Medication.code.coding",
      "MedicationAdministration.medicationCodeableConcept.coding",
      "MedicationAdministration.medication[x].coding",
      "MedicationRequest.medication[x].coding",
      "MedicationStatement.medication[x].coding"
    ],
    "http://hl7.org.au/fhir/StructureDefinition/minimum-interval-between-repeats": [
      "MedicationRequest"
    ],
    "http://hl7.org/fhir/StructureDefinition/elementdefinition-bestpractice": [
      "StructureDefinition.snapshot.element.constraint"
    ],
    "http://hl7.org/fhir/StructureDefinition/elementdefinition-bestpractice-explanation": [
      "StructureDefinition.snapshot.element.constraint"
    ],
    "http://hl7.org/fhir/StructureDefinition/elementdefinition-bindingName": [
      "StructureDefinition.snapshot.element.binding"
    ],
    "http://hl7.org/fhir/StructureDefinition/elementdefinition-isCommonBinding": [
      "StructureDefinition.snapshot.element.binding"
    ],
    "http://hl7.org/fhir/StructureDefinition/elementdefinition-maxValueSet": [
      "StructureDefinition.snapshot.element.binding"
    ],
    "http://hl7.org/fhir/StructureDefinition/elementdefinition-translatable": [
      "StructureDefinition.differential.element",
      "StructureDefinition.snapshot.element"
    ],
    "http://hl7.org/fhir/StructureDefinition/patient-birthPlace": [
      "Patient"
    ],
    "http://hl7.org/fhir/StructureDefinition/patient-birthTime": [
      "Patient.birthDate"
    ],
    "http://hl7.org/fhir/StructureDefinition/patient-mothersMaidenName": [
      "Patient"
    ],
    "http://hl7.org/fhir/StructureDefinition/regex": [
      "StructureDefinition.snapshot.element.type"
    ],
    "http://hl7.org/fhir/StructureDefinition/structuredefinition-explicit-type-name": [
      "StructureDefinition.differential.element",
      "StructureDefinition.snapshot.element"
    ],
    "http://hl7.org/fhir/StructureDefinition/structuredefinition-fhir-type": [
      "StructureDefinition.snapshot.element.type"
    ],
    "http://hl7.org/fhir/StructureDefinition/structuredefinition-hierarchy": [
      "StructureDefinition.snapshot.element.type"
    ],
    "http://hl7.org/fhir/StructureDefinition/structuredefinition-standards-status": [
      "StructureDefinition.differential.element"
    ],
    "http://hl7.org/fhir/tools/StructureDefinition/resource-information": [
      "ImplementationGuide.definition.resource"
    ]
  }
}