<?xml version="1.0" encoding="UTF-8"?>

<Bundle xmlns="http://hl7.org/fhir">
  <id value="bd0acab6-70c4-4809-a52d-e091bfa56bf2"/>
  <meta>
    <lastUpdated value="2020-05-14T09:24:27.444+10:00"/>
  </meta>
  <type value="collection"/>
  <entry>
    <fullUrl value="http://fhir.health.nsw.gov.au/fhir/ehealth/itoc/v1.0/ValueSet/messagetype"/>
    <resource>
      <ValueSet>
        <id value="messagetype"/>
        <text>
          <status value="generated"/>
          <div xmlns="http://www.w3.org/1999/xhtml">
            <p>This value set contains 4 concepts</p>
            <p style="border: black 1px dotted; background-color: #EEEEEE; padding: 8px; margin-bottom: 8px">Expansion based on 
              <a href="CodeSystem-messagetype.html">Message Header Type v1.0.0 (CodeSystem)</a>
            </p>
            <p>All codes from system 
              <a href="CodeSystem-messagetype.html">
                <code>http://fhir.health.nsw.gov.au/fhir/ehealth/itoc/v1.0/CodeSystem/messagetype</code>
              </a>
            </p>
            <table class="codes">
              <tr>
                <td style="white-space:nowrap">
                  <b>Code</b>
                </td>
                <td>
                  <b>Display</b>
                </td>
                <td>
                  <b>Definition</b>
                </td>
              </tr>
              <tr>
                <td style="white-space:nowrap">
                  <a name="http---fhir.health.nsw.gov.au-fhir-ehealth-itoc-v1.0-CodeSystem-messagetype-medication-list"> </a>
                  <a href="CodeSystem-messagetype.html#messagetype-medication-list">medication-list</a>
                </td>
                <td>This message is a medication list</td>
                <td/>
              </tr>
              <tr>
                <td style="white-space:nowrap">
                  <a name="http---fhir.health.nsw.gov.au-fhir-ehealth-itoc-v1.0-CodeSystem-messagetype-medication-history"> </a>
                  <a href="CodeSystem-messagetype.html#messagetype-medication-history">medication-history</a>
                </td>
                <td>This message is a medication history</td>
                <td/>
              </tr>
              <tr>
                <td style="white-space:nowrap">
                  <a name="http---fhir.health.nsw.gov.au-fhir-ehealth-itoc-v1.0-CodeSystem-messagetype-medication-administration-record"> </a>
                  <a href="CodeSystem-messagetype.html#messagetype-medication-administration-record">medication-administration-record</a>
                </td>
                <td>This message is a medication administration record</td>
                <td/>
              </tr>
              <tr>
                <td style="white-space:nowrap">
                  <a name="http---fhir.health.nsw.gov.au-fhir-ehealth-itoc-v1.0-CodeSystem-messagetype-reconciled-medication-list"> </a>
                  <a href="CodeSystem-messagetype.html#messagetype-reconciled-medication-list">reconciled-medication-list</a>
                </td>
                <td>This message is a reconciled medication list</td>
                <td/>
              </tr>
            </table>
          </div>
        </text>
        <url value="http://fhir.health.nsw.gov.au/fhir/ehealth/itoc/v1.0/ValueSet/messagetype"/>
        <identifier>
          <system value="urn:ietf:rfc:3986"/>
          <value value="urn:oid:2.16.840.1.113883.2.3.4.2.2.16"/>
        </identifier>
        <version value="1.0.0"/>
        <name value="MessageHeaderType"/>
        <title value="Message Header Type"/>
        <status value="active"/>
        <experimental value="false"/>
        <date value="2019-11-22T00:00:00+11:00"/>
        <publisher value="NSW eHealth"/>
        <description value="Message Header Types for Integrated Transitions of Care (iTOC) Messages"/>
        <expansion>
          <identifier value="urn:uuid:be5fabd2-fe60-4ba0-8e7b-d4ece502fb82"/>
          <timestamp value="2020-05-14T09:25:08+10:00"/>
          <total value="4"/>
          <parameter>
            <name value="excludeNested"/>
            <valueBoolean value="false"/>
          </parameter>
          <parameter>
            <name value="version"/>
            <valueUri value="http://fhir.health.nsw.gov.au/fhir/ehealth/itoc/v1.0/CodeSystem/messagetype|1.0.0"/>
          </parameter>
          <contains>
            <system value="http://fhir.health.nsw.gov.au/fhir/ehealth/itoc/v1.0/CodeSystem/messagetype"/>
            <code value="medication-list"/>
            <display value="This message is a medication list"/>
          </contains>
          <contains>
            <system value="http://fhir.health.nsw.gov.au/fhir/ehealth/itoc/v1.0/CodeSystem/messagetype"/>
            <code value="medication-history"/>
            <display value="This message is a medication history"/>
          </contains>
          <contains>
            <system value="http://fhir.health.nsw.gov.au/fhir/ehealth/itoc/v1.0/CodeSystem/messagetype"/>
            <code value="medication-administration-record"/>
            <display value="This message is a medication administration record"/>
          </contains>
          <contains>
            <system value="http://fhir.health.nsw.gov.au/fhir/ehealth/itoc/v1.0/CodeSystem/messagetype"/>
            <code value="reconciled-medication-list"/>
            <display value="This message is a reconciled medication list"/>
          </contains>
        </expansion>
      </ValueSet>
    </resource>
  </entry>
</Bundle>