{"resourceType":"ImplementationGuide","id":"nsw.health.fhir.toc","text":{"status":"extensions","div":"<div xmlns=\"http://www.w3.org/1999/xhtml\"><h2>NSWHealthTOCImplementationGuide</h2><p>The official URL for this implementation guide is: </p><pre>http://fhir.health.nsw.gov.au/fhir/ehealth/itoc/v1.0/ImplementationGuide/nsw.health.fhir.toc</pre></div>"},"url":"http://fhir.health.nsw.gov.au/fhir/ehealth/itoc/v1.0/ImplementationGuide/nsw.health.fhir.toc","version":"1.0.0","name":"NSWHealthTOCImplementationGuide","title":"NSW Health Integrated Transitions of Care (iTOC) Implementation Guide","status":"draft","experimental":true,"date":"2019-10-29T00:00:00+11:00","publisher":"NSW Health","contact":[{"name":"NSW eHealth Transitions of Care Project"}],"jurisdiction":[{"coding":[{"system":"urn:iso:std:iso:3166","code":"AU"}]}],"packageId":"nsw.health.fhir.toc","license":"CC0-1.0","fhirVersion":["4.0.1"],"dependsOn":[{"uri":"http://hl7.org.au/fhir","packageId":"hl7.fhir.au.base","version":"current"}],"definition":{"grouping":[{"id":"p1","name":"base"}],"resource":[{"extension":[{"url":"http://hl7.org/fhir/StructureDefinition/implementationguide-page","valueUri":"StructureDefinition-nswhealthitocmessageheader.html"}],"reference":{"reference":"StructureDefinition/nswhealthitocmessageheader"},"exampleBoolean":false,"groupingId":"p1"},{"extension":[{"url":"http://hl7.org/fhir/StructureDefinition/implementationguide-page","valueUri":"StructureDefinition-nswhealthitocpatient.html"}],"reference":{"reference":"StructureDefinition/nswhealthitocpatient"},"exampleBoolean":false,"groupingId":"p1"},{"extension":[{"url":"http://hl7.org/fhir/StructureDefinition/implementationguide-page","valueUri":"StructureDefinition-nswhealthitocencounter.html"}],"reference":{"reference":"StructureDefinition/nswhealthitocencounter"},"exampleBoolean":false,"groupingId":"p1"},{"extension":[{"url":"http://hl7.org/fhir/StructureDefinition/implementationguide-page","valueUri":"StructureDefinition-nswhealthitocpractitioner.html"}],"reference":{"reference":"StructureDefinition/nswhealthitocpractitioner"},"exampleBoolean":false,"groupingId":"p1"},{"extension":[{"url":"http://hl7.org/fhir/StructureDefinition/implementationguide-page","valueUri":"StructureDefinition-nswhealthitocmedication.html"}],"reference":{"reference":"StructureDefinition/nswhealthitocmedication"},"exampleBoolean":false,"groupingId":"p1"},{"extension":[{"url":"http://hl7.org/fhir/StructureDefinition/implementationguide-page","valueUri":"StructureDefinition-nswhealthitocmedicationstatement.html"}],"reference":{"reference":"StructureDefinition/nswhealthitocmedicationstatement"},"exampleBoolean":false,"groupingId":"p1"},{"extension":[{"url":"http://hl7.org/fhir/StructureDefinition/implementationguide-page","valueUri":"StructureDefinition-nswhealthitocmedicationadministration.html"}],"reference":{"reference":"StructureDefinition/nswhealthitocmedicationadministration"},"exampleBoolean":false,"groupingId":"p1"},{"extension":[{"url":"http://hl7.org/fhir/StructureDefinition/implementationguide-page","valueUri":"StructureDefinition-nswhealthitocorder.html"}],"reference":{"reference":"StructureDefinition/nswhealthitocorder"},"exampleBoolean":false,"groupingId":"p1"},{"extension":[{"url":"http://hl7.org/fhir/StructureDefinition/implementationguide-page","valueUri":"StructureDefinition-nswhealthitocdosage.html"}],"reference":{"reference":"StructureDefinition/nswhealthitocdosage"},"exampleBoolean":false,"groupingId":"p1"},{"extension":[{"url":"http://hl7.org/fhir/StructureDefinition/implementationguide-page","valueUri":"StructureDefinition-nswhealthitocmedicationlist.html"}],"reference":{"reference":"StructureDefinition/nswhealthitocmedicationlist"},"exampleBoolean":false,"groupingId":"p1"},{"extension":[{"url":"http://hl7.org/fhir/StructureDefinition/implementationguide-page","valueUri":"StructureDefinition-nswhealthitocallergyintolerance.html"}],"reference":{"reference":"StructureDefinition/nswhealthitocallergyintolerance"},"exampleBoolean":false,"groupingId":"p1"},{"extension":[{"url":"http://hl7.org/fhir/StructureDefinition/implementationguide-page","valueUri":"StructureDefinition-nswhealthitocallergyintolerancelist.html"}],"reference":{"reference":"StructureDefinition/nswhealthitocallergyintolerancelist"},"exampleBoolean":false,"groupingId":"p1"},{"extension":[{"url":"http://hl7.org/fhir/StructureDefinition/implementationguide-page","valueUri":"StructureDefinition-biologicalsex.html"}],"reference":{"reference":"StructureDefinition/biologicalsex"},"exampleBoolean":false,"groupingId":"p1"},{"extension":[{"url":"http://hl7.org/fhir/StructureDefinition/implementationguide-page","valueUri":"StructureDefinition-rendereddosageinstruction.html"}],"reference":{"reference":"StructureDefinition/rendereddosageinstruction"},"exampleBoolean":false,"groupingId":"p1"},{"extension":[{"url":"http://hl7.org/fhir/StructureDefinition/implementationguide-page","valueUri":"StructureDefinition-diluent.html"}],"reference":{"reference":"StructureDefinition/diluent"},"exampleBoolean":false,"groupingId":"p1"},{"extension":[{"url":"http://hl7.org/fhir/StructureDefinition/implementationguide-page","valueUri":"StructureDefinition-itocmedicationtype.html"}],"reference":{"reference":"StructureDefinition/itocmedicationtype"},"exampleBoolean":false,"groupingId":"p1"},{"extension":[{"url":"http://hl7.org/fhir/StructureDefinition/implementationguide-page","valueUri":"StructureDefinition-medicationcheckundertaken.html"}],"reference":{"reference":"StructureDefinition/medicationcheckundertaken"},"exampleBoolean":false,"groupingId":"p1"},{"extension":[{"url":"http://hl7.org/fhir/StructureDefinition/implementationguide-page","valueUri":"StructureDefinition-mostrecentadmin.html"}],"reference":{"reference":"StructureDefinition/mostrecentadmin"},"exampleBoolean":false,"groupingId":"p1"},{"extension":[{"url":"http://hl7.org/fhir/StructureDefinition/implementationguide-page","valueUri":"StructureDefinition-medlist-lookup.html"}],"reference":{"reference":"OperationDefinition/medlist-lookup"},"exampleBoolean":false,"groupingId":"p1"},{"extension":[{"url":"http://hl7.org/fhir/StructureDefinition/implementationguide-page","valueUri":"StructureDefinition-medhistory-lookup.html"}],"reference":{"reference":"OperationDefinition/medhistory-lookup"},"exampleBoolean":false,"groupingId":"p1"},{"extension":[{"url":"http://hl7.org/fhir/StructureDefinition/implementationguide-page","valueUri":"StructureDefinition-mar-lookup.html"}],"reference":{"reference":"OperationDefinition/mar-lookup"},"exampleBoolean":false,"groupingId":"p1"},{"extension":[{"url":"http://hl7.org/fhir/StructureDefinition/implementationguide-page","valueUri":"StructureDefinition-post-medlist.html"}],"reference":{"reference":"OperationDefinition/post-medlist"},"exampleBoolean":false,"groupingId":"p1"},{"extension":[{"url":"http://hl7.org/fhir/StructureDefinition/implementationguide-page","valueUri":"ValueSet-messagetype.html"}],"reference":{"reference":"ValueSet/messagetype"},"exampleBoolean":false},{"extension":[{"url":"http://hl7.org/fhir/StructureDefinition/implementationguide-page","valueUri":"CodeSystem-messagetype.html"}],"reference":{"reference":"CodeSystem/messagetype"},"exampleBoolean":false},{"extension":[{"url":"http://hl7.org/fhir/StructureDefinition/implementationguide-page","valueUri":"Patient-example0.html"}],"reference":{"reference":"Patient/example0"},"name":"Patient with IHI and Medicare Number","description":"Shows a typical patient using identifier profiles for IHI, Medicare Number and the extension for Indigenous Status","exampleBoolean":true,"groupingId":"p1"},{"extension":[{"url":"http://hl7.org/fhir/StructureDefinition/implementationguide-page","valueUri":"Practitioner-example0.html"}],"reference":{"reference":"Practitioner/example0"},"name":"Practitioner with HPI-I, Prescriber Number and AHPRA Registration Number","exampleBoolean":true,"groupingId":"p1"},{"extension":[{"url":"http://hl7.org/fhir/StructureDefinition/implementationguide-page","valueUri":"Practitioner-example1.html"}],"reference":{"reference":"Practitioner/example1"},"name":"Registered Nurse","exampleBoolean":true,"groupingId":"p1"},{"extension":[{"url":"http://hl7.org/fhir/StructureDefinition/implementationguide-page","valueUri":"Practitioner-example2.html"}],"reference":{"reference":"Practitioner/example2"},"name":"Registered Nurse","exampleBoolean":true,"groupingId":"p1"},{"extension":[{"url":"http://hl7.org/fhir/StructureDefinition/implementationguide-page","valueUri":"MedicationStatement-patientprofile1-medhistory-example0.html"}],"reference":{"reference":"MedicationStatement/patientprofile1-medhistory-example0"},"name":"Basic MedicationStatement example","exampleBoolean":true,"groupingId":"p1"},{"extension":[{"url":"http://hl7.org/fhir/StructureDefinition/implementationguide-page","valueUri":"MedicationStatement-patientprofile1-medhistory-example1.html"}],"reference":{"reference":"MedicationStatement/patientprofile1-medhistory-example1"},"name":"Basic MedicationStatement example","exampleBoolean":true,"groupingId":"p1"},{"extension":[{"url":"http://hl7.org/fhir/StructureDefinition/implementationguide-page","valueUri":"MedicationStatement-patientprofile1-medhistory-example2.html"}],"reference":{"reference":"MedicationStatement/patientprofile1-medhistory-example2"},"name":"Basic MedicationStatement example","exampleBoolean":true,"groupingId":"p1"},{"extension":[{"url":"http://hl7.org/fhir/StructureDefinition/implementationguide-page","valueUri":"MedicationStatement-patientprofile1-medhistory-example3.html"}],"reference":{"reference":"MedicationStatement/patientprofile1-medhistory-example3"},"name":"Basic MedicationStatement example","exampleBoolean":true,"groupingId":"p1"},{"extension":[{"url":"http://hl7.org/fhir/StructureDefinition/implementationguide-page","valueUri":"List-medhistory-list-example0.html"}],"reference":{"reference":"List/medhistory-list-example0"},"name":"Basic Medication List example","exampleBoolean":true,"groupingId":"p1"},{"extension":[{"url":"http://hl7.org/fhir/StructureDefinition/implementationguide-page","valueUri":"Encounter-example0.html"}],"reference":{"reference":"Encounter/example0"},"name":"Basic Encounter example","exampleBoolean":true,"groupingId":"p1"},{"extension":[{"url":"http://hl7.org/fhir/StructureDefinition/implementationguide-page","valueUri":"Bundle-patientprofile1-medhistory.html"}],"reference":{"reference":"Bundle/patientprofile1-medhistory"},"name":"Basic Bundle example","exampleBoolean":true,"groupingId":"p1"},{"extension":[{"url":"http://hl7.org/fhir/StructureDefinition/implementationguide-page","valueUri":"Bundle-patientprofile1-medlist.html"}],"reference":{"reference":"Bundle/patientprofile1-medlist"},"name":"Basic Bundle example","exampleBoolean":true,"groupingId":"p1"},{"extension":[{"url":"http://hl7.org/fhir/StructureDefinition/implementationguide-page","valueUri":"MessageHeader-example0.html"}],"reference":{"reference":"MessageHeader/example0"},"name":"Basic Message Header example","exampleBoolean":true,"groupingId":"p1"},{"extension":[{"url":"http://hl7.org/fhir/StructureDefinition/implementationguide-page","valueUri":"MedicationAdministration-patientprofile1-mar-example0.html"}],"reference":{"reference":"MedicationAdministration/patientprofile1-mar-example0"},"name":"Basic MedicationAdministration example","exampleBoolean":true,"groupingId":"p1"},{"extension":[{"url":"http://hl7.org/fhir/StructureDefinition/implementationguide-page","valueUri":"MedicationRequest-example0.html"}],"reference":{"reference":"MedicationRequest/example0"},"name":"Basic MedicationOrder example","exampleBoolean":true,"groupingId":"p1"},{"extension":[{"url":"http://hl7.org/fhir/StructureDefinition/implementationguide-page","valueUri":"MedicationRequest-example1.html"}],"reference":{"reference":"MedicationRequest/example1"},"name":"Next Scheduled Dose MedicationOrder example","exampleBoolean":true,"groupingId":"p1"},{"extension":[{"url":"http://hl7.org/fhir/StructureDefinition/implementationguide-page","valueUri":"Medication-example0.html"}],"reference":{"reference":"Medication/example0"},"name":"Basic Medication example","exampleBoolean":true,"groupingId":"p1"},{"extension":[{"url":"http://hl7.org/fhir/StructureDefinition/implementationguide-page","valueUri":"Medication-example1.html"}],"reference":{"reference":"Medication/example1"},"name":"Medication example including Cerner and IMDsoft medication codings","exampleBoolean":true,"groupingId":"p1"},{"extension":[{"url":"http://hl7.org/fhir/StructureDefinition/implementationguide-page","valueUri":"Medication-example2.html"}],"reference":{"reference":"Medication/example2"},"name":"Salbutamol example","exampleBoolean":true,"groupingId":"p1"},{"extension":[{"url":"http://hl7.org/fhir/StructureDefinition/implementationguide-page","valueUri":"Medication-example3.html"}],"reference":{"reference":"Medication/example3"},"name":"Salbutamol example","exampleBoolean":true,"groupingId":"p1"},{"extension":[{"url":"http://hl7.org/fhir/StructureDefinition/implementationguide-page","valueUri":"Organization-example0.html"}],"reference":{"reference":"Organization/example0"},"name":"NSW Health example","exampleBoolean":true,"groupingId":"p1"}],"page":{"nameUrl":"index.html","title":"NSW Health Integrated Transitions of Care (iTOC) Implementation Guide","generation":"html"},"parameter":[{"code":"generate-xml","value":"xml"},{"code":"generate-json","value":"JSON"}]}}