{
  "resourceType": "Medication",
  "id": "GenericPack0",
  "text": {
    "status": "generated",
    "div": "<div xmlns=\"http://www.w3.org/1999/xhtml\"><p><b>Generated Narrative with Details</b></p><p><b>id</b>: GenericPack0</p><p><b>code</b>: Paracetamol 500mg (100) <span style=\"background: LightGoldenRodYellow\">(Details : {http://acme.com.au/generic-packages code '5636-24556' = '5636-24556', given as 'Paracetamol 500mg (100)'}; {http://www.whocc.no/atc code 'N02BE01' = 'N02BE01', given as 'Paracetamol'}; {SNOMED CT code '28314011000036104' = '28314011000036104', given as 'paracetamol 500 mg tablet, 100'})</span></p><p><b>form</b>: Tablet <span style=\"background: LightGoldenRodYellow\">(Details )</span></p></div>"
  },
  "code": {
    "coding": [
      {
        "extension": [
          {
            "url": "http://hl7.org.au/fhir/StructureDefinition/medication-type",
            "valueCoding": {
              "system": "http://hl7.org.au/fhir/CodeSystem/medication-type",
              "code": "UPG",
              "display": "Unbranded package with no container"
            }
          }
        ],
        "system": "http://acme.com.au/generic-packages",
        "code": "5636-24556",
        "display": "Paracetamol 500mg (100)"
      },
      {
        "system": "http://www.whocc.no/atc",
        "code": "N02BE01",
        "display": "Paracetamol"
      },
      {
        "extension": [
          {
            "url": "http://hl7.org.au/fhir/StructureDefinition/medication-type",
            "valueCoding": {
              "system": "http://hl7.org.au/fhir/CodeSystem/medication-type",
              "code": "UPG",
              "display": "Unbranded package with no container"
            }
          }
        ],
        "system": "http://snomed.info/sct",
        "code": "28314011000036104",
        "display": "paracetamol 500 mg tablet, 100"
      }
    ],
    "text": "Paracetamol 500mg (100)"
  },
  "form": {
    "text": "Tablet"
  }
}