{
  "resourceType": "Medication",
  "id": "example3",
  "text": {
    "status": "generated",
    "div": "<div xmlns=\"http://www.w3.org/1999/xhtml\"><p><b>Generated Narrative</b></p><p><b>id</b>: example3</p><p><b>code</b>: <span title=\"Codes: {http://www.imd-soft.com/itoc/codes Free Text Medication}\">RESEARCH: PLUS Study (GI-CCT7587)</span></p></div>"
  },
  "code": {
    "coding": [
      {
        "system": "http://www.imd-soft.com/itoc/codes",
        "code": "Free Text Medication",
        "display": "Free Text Medication"
      }
    ],
    "text": "RESEARCH: PLUS Study (GI-CCT7587)"
  }
}