{
  "resourceType": "MedicationStatement",
  "id": "patientprofile1-medhistory-example1",
  "meta": {
    "profile": [
      "http://fhir.health.nsw.gov.au/fhir/ehealth/itoc/v1.0/StructureDefinition/NSWHealthiTOCMedicationStatement"
    ]
  },
  "text": {
    "status": "generated",
    "div": "<div xmlns=\"http://www.w3.org/1999/xhtml\"><p><b>Generated Narrative with Details</b></p><p><b>id</b>: patientprofile1-medhistory-example1</p><p><b>meta</b>: </p><p><b>status</b>: active</p><p><b>category</b>: inpatient <span style=\"background: LightGoldenRodYellow\">(Details )</span></p><p><b>medication</b>: Salbutamol 200 microgram powder for inhalation, 200 microgram unit dose <span style=\"background: LightGoldenRodYellow\">(Details : {SNOMED CT code '45078011000036105' = '45078011000036105', given as 'salbutamol 200 microgram powder for inhalation, 200 microgram unit dose'})</span></p><p><b>subject</b>: <a href=\"Patient-example0.html\">Stella Franklin. Generated Summary: id: example0; IHI = 8003608166690503, Medicare Number = 32788511952, medicalRecordNumber = 123456789, auID = 123456789; Stella Franklin ; sfranklin@amail.com.au(WORK); gender: female; birthDate: 1985-10-14</a></p><p><b>effective</b>: 01/01/2018 12:00:00 AM --&gt; (ongoing)</p><p><b>dateAsserted</b>: 29/10/2019 12:00:00 AM</p><p><b>informationSource</b>: <a href=\"Practitioner-example0.html\">Doctor Mayo. Generated Summary: id: example0; HPI-I = 8003619900015717, Prescriber Number = 453221, StaffLink Number = 8234234234; active; Helen Mayo ; helen.mayo@downunderhospital.com.au(WORK)</a></p><p><b>dosage</b>: </p></div>"
  },
  "extension": [
    {
      "url": "http://hl7.org.au/fhir/StructureDefinition/medication-brand-name",
      "valueString": "Ventolin"
    },
    {
      "url": "http://hl7.org.au/fhir/StructureDefinition/medication-generic-name",
      "valueString": "Salbutamol"
    }
  ],
  "status": "active",
  "category": {
    "text": "inpatient"
  },
  "medicationCodeableConcept": {
    "coding": [
      {
        "extension": [
          {
            "url": "http://hl7.org.au/fhir/StructureDefinition/medication-type",
            "valueCoding": {
              "system": "http://hl7.org.au/fhir/CodeSystem/medication-type",
              "code": "UPDSF",
              "display": "Unbranded product with strengths and form"
            }
          }
        ],
        "system": "http://snomed.info/sct",
        "code": "45078011000036105",
        "display": "salbutamol 200 microgram powder for inhalation, 200 microgram unit dose"
      }
    ],
    "text": "Salbutamol 200 microgram powder for inhalation, 200 microgram unit dose"
  },
  "subject": {
    "reference": "Patient/example0",
    "display": "Stella Franklin"
  },
  "effectivePeriod": {
    "start": "2018-01-01"
  },
  "dateAsserted": "2019-10-29",
  "informationSource": {
    "reference": "Practitioner/example0",
    "display": "Doctor Mayo"
  },
  "dosage": [
    {
      "timing": {
        "repeat": {
          "frequency": 1,
          "period": 4,
          "periodUnit": "h"
        }
      },
      "asNeededCodeableConcept": {
        "coding": [
          {
            "system": "http://snomed.info/sct",
            "code": "195967001",
            "display": "Asthma"
          }
        ]
      },
      "route": {
        "coding": [
          {
            "system": "http://snomed.info/sct",
            "code": "26643006",
            "display": "Oral use"
          }
        ],
        "text": "Oral"
      },
      "doseAndRate": [
        {
          "doseQuantity": {
            "value": 200,
            "unit": "microg"
          }
        }
      ]
    }
  ]
}