{
  "resourceType": "MedicationRequest",
  "id": "example0",
  "meta": {
    "profile": [
      "http://fhir.health.nsw.gov.au/fhir/ehealth/itoc/v1.0/StructureDefinition/nswhealthitocorder"
    ]
  },
  "text": {
    "status": "generated",
    "div": "<div xmlns=\"http://www.w3.org/1999/xhtml\"><p><b>Generated Narrative with Details</b></p><p><b>id</b>: example0</p><p><b>meta</b>: </p><p><b>identifier</b>: Local Prescription Number = 53720010</p><p><b>status</b>: active</p><p><b>intent</b>: order</p><p><b>medication</b>: Amlodipine 10 mg Tablet <span style=\"background: LightGoldenRodYellow\">(Details : {SNOMED CT code '23519011000036101' = '23519011000036101', given as 'amlodipine 10 mg tablet'})</span></p><p><b>subject</b>: <a href=\"Patient-example0.html\">Stella Franklin. Generated Summary: id: example0; IHI = 8003608166690503, Medicare Number = 32788511952, medicalRecordNumber = 123456789, auID = 123456789; Stella Franklin ; sfranklin@amail.com.au(WORK); gender: female; birthDate: 1985-10-14</a></p><p><b>authoredOn</b>: Jun 14, 2018, 12:00:00 AM</p><p><b>requester</b>: <a href=\"Practitioner-example0.html\">Doctor Mayo. Generated Summary: id: example0; HPI-I = 8003619900015717, Prescriber Number = 453221, StaffLink Number = 8234234234; active; Helen Mayo ; helen.mayo@downunderhospital.com.au(WORK)</a></p><p><b>reasonCode</b>: Hypertensive disorder, systemic arterial <span style=\"background: LightGoldenRodYellow\">(Details : {SNOMED CT code '38341003' = 'High blood pressure', given as 'Hypertensive disorder, systemic arterial'})</span></p><p><b>dosageInstruction</b>: </p><h3>DispenseRequests</h3><table class=\"grid\"><tr><td>-</td><td><b>ValidityPeriod</b></td><td><b>NumberOfRepeatsAllowed</b></td><td><b>Quantity</b></td><td><b>ExpectedSupplyDuration</b></td></tr><tr><td>*</td><td>Jul 15, 2018, 12:00:00 AM --&gt; Jul 15, 2019, 12:00:00 AM</td><td>2</td><td>20 Tab<span style=\"background: LightGoldenRodYellow\"> (Details: http://hl7.org/fhir/v3/orderableDrugForm code Tab = 'Tab')</span></td><td>10 days<span style=\"background: LightGoldenRodYellow\"> (Details: UCUM code d = 'd')</span></td></tr></table></div>"
  },
  "extension": [
    {
      "url": "http://hl7.org.au/fhir/StructureDefinition/medication-brand-name",
      "valueString": "APO"
    },
    {
      "url": "http://hl7.org.au/fhir/StructureDefinition/medication-generic-name",
      "valueString": "Amlodipine"
    }
  ],
  "identifier": [
    {
      "type": {
        "coding": [
          {
            "system": "http://hl7.org.au/fhir/v2/0203",
            "code": "LPN"
          }
        ],
        "text": "Local Prescription Number"
      },
      "system": "http://ns.electronichealth.net.au/id/hpio-scoped/prescription/1.0/8003627500000328",
      "value": "53720010",
      "assigner": {
        "display": "Downunder Hospital"
      }
    }
  ],
  "status": "active",
  "intent": "order",
  "medicationCodeableConcept": {
    "coding": [
      {
        "system": "http://snomed.info/sct",
        "code": "23519011000036101",
        "display": "amlodipine 10 mg tablet"
      }
    ],
    "text": "Amlodipine 10 mg Tablet"
  },
  "subject": {
    "reference": "Patient/example0",
    "display": "Stella Franklin"
  },
  "authoredOn": "2018-06-14",
  "requester": {
    "reference": "Practitioner/example0",
    "display": "Doctor Mayo"
  },
  "reasonCode": [
    {
      "coding": [
        {
          "system": "http://snomed.info/sct",
          "code": "38341003",
          "display": "Hypertensive disorder, systemic arterial"
        }
      ]
    }
  ],
  "dosageInstruction": [
    {
      "timing": {
        "repeat": {
          "frequency": 1,
          "period": 1,
          "periodUnit": "d",
          "when": [
            "MORN"
          ]
        }
      },
      "route": {
        "coding": [
          {
            "system": "http://snomed.info/sct",
            "code": "26643006",
            "display": "Oral use"
          }
        ],
        "text": "Oral"
      },
      "doseAndRate": [
        {
          "doseQuantity": {
            "value": 10,
            "unit": "mg"
          }
        }
      ]
    }
  ],
  "dispenseRequest": {
    "validityPeriod": {
      "start": "2018-07-15",
      "end": "2019-07-15"
    },
    "numberOfRepeatsAllowed": 2,
    "quantity": {
      "value": 20,
      "unit": "Tab",
      "system": "http://hl7.org/fhir/v3/orderableDrugForm",
      "code": "Tab"
    },
    "expectedSupplyDuration": {
      "value": 10,
      "unit": "days",
      "system": "http://unitsofmeasure.org",
      "code": "d"
    }
  }
}