{
  "resourceType": "Medication",
  "id": "example1",
  "text": {
    "status": "generated",
    "div": "<div xmlns=\"http://www.w3.org/1999/xhtml\"><p><b>Generated Narrative with Details</b></p><p><b>id</b>: example1</p><p><b>code</b>: pantoprazole <span style=\"background: LightGoldenRodYellow\">(Details : {SNOMED CT code '21563011000036107' = '21563011000036107', given as 'pantoprazole'}; {http://www.imd-soft.com/itoc/codes code '13614' = '13614', given as 'pantoprazole'}; {http://cerner.com/itoc/codes code 'MUL.ORD-SYN!12418' = 'MUL.ORD-SYN!12418', given as 'pantoprazole'})</span></p></div>"
  },
  "extension": [
    {
      "url": "http://hl7.org.au/fhir/StructureDefinition/medication-generic-name",
      "valueString": "Pantoprazole"
    }
  ],
  "code": {
    "coding": [
      {
        "extension": [
          {
            "url": "http://hl7.org.au/fhir/StructureDefinition/medication-type",
            "valueCoding": {
              "system": "http://hl7.org.au/fhir/CodeSystem/medication-type",
              "code": "UPD",
              "display": "Unbranded product with no strengths or form"
            }
          }
        ],
        "system": "http://snomed.info/sct",
        "code": "21563011000036107",
        "display": "pantoprazole"
      },
      {
        "extension": [
          {
            "url": "http://hl7.org.au/fhir/StructureDefinition/medication-type",
            "valueCoding": {
              "system": "http://hl7.org.au/fhir/CodeSystem/medication-type",
              "code": "UPD",
              "display": "Unbranded product with no strengths or form"
            }
          }
        ],
        "system": "http://www.imd-soft.com/itoc/codes",
        "code": "13614",
        "display": "pantoprazole"
      },
      {
        "extension": [
          {
            "url": "http://hl7.org.au/fhir/StructureDefinition/medication-type",
            "valueCoding": {
              "system": "http://hl7.org.au/fhir/CodeSystem/medication-type",
              "code": "UPD",
              "display": "Unbranded product with no strengths or form"
            }
          }
        ],
        "system": "http://cerner.com/itoc/codes",
        "code": "MUL.ORD-SYN!12418",
        "display": "pantoprazole"
      }
    ],
    "text": "pantoprazole"
  }
}