{
  "resourceType": "Medication",
  "id": "example2",
  "text": {
    "status": "generated",
    "div": "<div xmlns=\"http://www.w3.org/1999/xhtml\"><p><b>Generated Narrative with Details</b></p><p><b>id</b>: example2</p><p><b>code</b>: Salbutamol 200 microgram powder for inhalation, 200 microgram unit dose <span style=\"background: LightGoldenRodYellow\">(Details : {SNOMED CT code '45078011000036105' = '45078011000036105', given as 'salbutamol 200 microgram powder for inhalation, 200 microgram unit dose'})</span></p><p><b>form</b>: Inhalation <span style=\"background: LightGoldenRodYellow\">(Details )</span></p></div>"
  },
  "extension": [
    {
      "url": "http://hl7.org.au/fhir/StructureDefinition/medication-brand-name",
      "valueString": "Ventolin"
    },
    {
      "url": "http://hl7.org.au/fhir/StructureDefinition/medication-generic-name",
      "valueString": "Salbutamol"
    }
  ],
  "code": {
    "coding": [
      {
        "extension": [
          {
            "url": "http://hl7.org.au/fhir/StructureDefinition/medication-type",
            "valueCoding": {
              "system": "http://hl7.org.au/fhir/CodeSystem/medication-type",
              "code": "UPDSF",
              "display": "Unbranded product with strengths and form"
            }
          }
        ],
        "system": "http://snomed.info/sct",
        "code": "45078011000036105",
        "display": "salbutamol 200 microgram powder for inhalation, 200 microgram unit dose"
      }
    ],
    "text": "Salbutamol 200 microgram powder for inhalation, 200 microgram unit dose"
  },
  "form": {
    "text": "Inhalation"
  }
}