{
  "resourceType": "MedicationStatement",
  "id": "patientprofile1-medhistory-example2",
  "meta": {
    "profile": [
      "http://fhir.health.nsw.gov.au/fhir/ehealth/itoc/v1.0/StructureDefinition/nswhealthitocmedicationstatement"
    ]
  },
  "text": {
    "status": "generated",
    "div": "<div xmlns=\"http://www.w3.org/1999/xhtml\"><p><b>Generated Narrative with Details</b></p><p><b>id</b>: patientprofile1-medhistory-example2</p><p><b>meta</b>: </p><p><b>status</b>: active</p><p><b>category</b>: Inpatient <span style=\"background: LightGoldenRodYellow\">(Details : {http://terminology.hl7.org/CodeSystem/medication-statement-category code 'inpatient' = 'Inpatient', given as 'Inpatient'})</span></p><p><b>medication</b>: <a href=\"Medication-example1.html\">Generated Summary: id: example1; <span title=\"Codes: {http://snomed.info/sct 21563011000036107}, {http://www.imd-soft.com/itoc/codes 13614}, {http://cerner.com/itoc/codes MUL.ORD-SYN!12418}\">pantoprazole</span></a></p><p><b>subject</b>: <a href=\"Patient-example0.html\">Stella Franklin. Generated Summary: id: example0; IHI = 8003608166690503, Medicare Number = 32788511952, Medical Record Number = 123456789, auID = 112233415A; Stella Franklin ; sfranklin@amail.com.au(WORK); gender: female; birthDate: 1985-10-14</a></p><p><b>dateAsserted</b>: 29/10/2019 12:00:00 AM</p><p><b>informationSource</b>: <a href=\"Practitioner-example0.html\">Doctor Mayo. Generated Summary: id: example0; HPI-I = 8003619900015717, Prescriber Number = 453221, StaffLink Number = 8234234234; active; Helen Mayo ; helen.mayo@downunderhospital.com.au(WORK)</a></p><p><b>dosage</b>: </p></div>"
  },
  "extension": [
    {
      "url": "http://hl7.org.au/fhir/StructureDefinition/medication-generic-name",
      "valueString": "Pantoprazole"
    }
  ],
  "status": "active",
  "category": {
    "coding": [
      {
        "system": "http://terminology.hl7.org/CodeSystem/medication-statement-category",
        "code": "inpatient",
        "display": "Inpatient"
      }
    ]
  },
  "medicationReference": {
    "reference": "Medication/example1"
  },
  "subject": {
    "reference": "Patient/example0",
    "display": "Stella Franklin"
  },
  "dateAsserted": "2019-10-29",
  "informationSource": {
    "reference": "Practitioner/example0",
    "display": "Doctor Mayo"
  },
  "dosage": [
    {
      "timing": {
        "repeat": {
          "frequency": 1,
          "period": 1,
          "periodUnit": "d",
          "when": [
            "MORN"
          ]
        }
      },
      "route": {
        "coding": [
          {
            "system": "http://snomed.info/sct",
            "code": "26643006",
            "display": "Oral use"
          }
        ],
        "text": "Oral"
      }
    }
  ]
}