{
  "resourceType": "MessageHeader",
  "id": "example0",
  "meta": {
    "profile": [
      "http://fhir.health.nsw.gov.au/fhir/ehealth/itoc/v1.0/StructureDefinition/nswhealthitocmessageheader"
    ]
  },
  "text": {
    "status": "generated",
    "div": "<div xmlns=\"http://www.w3.org/1999/xhtml\"><p><b>Generated Narrative with Details</b></p><p><b>id</b>: example0</p><p><b>meta</b>: </p><p><b>event</b>: This message is a medication history (Details: http://fhir.health.nsw.gov.au/fhir/ehealth/itoc/v1.0/CodeSystem/messagetype code medication-history = 'This message is a medication history', stated as 'null')</p><h3>Sources</h3><table class=\"grid\"><tr><td>-</td><td><b>Name</b></td><td><b>Endpoint</b></td></tr><tr><td>*</td><td>GH</td><td><a href=\"http://cerner.com\">http://cerner.com</a></td></tr></table><p><b>focus</b>: <a href=\"Patient-example0.html\">Generated Summary: id: example0; IHI = 8003608166690503, Medicare Number = 32788511952, medicalRecordNumber = 123456789, auID = 123456789; Stella Franklin ; sfranklin@amail.com.au(WORK); gender: female; birthDate: 1985-10-14</a></p></div>"
  },
  "eventCoding": {
    "system": "http://fhir.health.nsw.gov.au/fhir/ehealth/itoc/v1.0/CodeSystem/messagetype",
    "code": "medication-history"
  },
  "source": {
    "name": "GH",
    "endpoint": "http://cerner.com"
  },
  "focus": [
    {
      "reference": "Patient/example0"
    }
  ]
}