{
  "resourceType": "OperationDefinition",
  "id": "post-medlist",
  "text": {
    "status": "extensions",
    "div": "<div xmlns=\"http://www.w3.org/1999/xhtml\"><h2>PostMedicationList</h2><p>OPERATION: PostMedicationList</p><p>The official URL for this operation definition is: </p><pre>http://fhir.health.nsw.gov.au/fhir/ehealth/itoc/v1.0/StructureDefinition/post-medlist</pre><p>URL: [base]/Bundle/$post-medlist</p><p>Parameters</p><table class=\"grid\"><tr><td><b>Use</b></td><td><b>Name</b></td><td><b>Cardinality</b></td><td><b>Type</b></td><td><b>Binding</b></td><td><b>Documentation</b></td></tr><tr><td>IN</td><td>bundle</td><td>1..1</td><td><a href=\"http://hl7.org/fhir/R4/bundle.html\">Bundle</a></td><td/><td><div><p>The reconciled medication list Bundle for the patient. The system SHALL return an OperationOutcome with the outcome of the operation.</p>\n</div></td></tr><tr><td>OUT</td><td>outcome</td><td>1..1</td><td><a href=\"http://hl7.org/fhir/R4/operationoutcome.html\">OperationOutcome</a></td><td/><td><div><p>An OperationOutcome containing information on the result.</p>\n</div></td></tr></table><div><p>This operation should be used to post a reconciled patient medication list. The system will return an OperationOutcome with the outcome of the operation.</p>\n</div></div>"
  },
  "url": "http://fhir.health.nsw.gov.au/fhir/ehealth/itoc/v1.0/StructureDefinition/post-medlist",
  "version": "1.0.0",
  "name": "PostMedicationList",
  "status": "active",
  "kind": "operation",
  "date": "2019-10-29T00:00:00+11:00",
  "publisher": "NSW eHealth",
  "purpose": "To allow the posting of a reconciled medication list",
  "code": "post-medlist",
  "comment": "This operation should be used to post a reconciled patient medication list. The system will return an OperationOutcome with the outcome of the operation.",
  "resource": [
    "Bundle"
  ],
  "system": false,
  "type": true,
  "instance": false,
  "parameter": [
    {
      "name": "bundle",
      "use": "in",
      "min": 1,
      "max": "1",
      "documentation": "The reconciled medication list Bundle for the patient. The system SHALL return an OperationOutcome with the outcome of the operation.",
      "type": "Bundle"
    },
    {
      "name": "outcome",
      "use": "out",
      "min": 1,
      "max": "1",
      "documentation": "An OperationOutcome containing information on the result.",
      "type": "OperationOutcome"
    }
  ]
}