{
  "resourceType": "Organization",
  "id": "example0",
  "meta": {
    "profile": [
      "http://hl7.org.au/fhir/StructureDefinition/au-organization"
    ]
  },
  "text": {
    "status": "generated",
    "div": "<div xmlns=\"http://www.w3.org/1999/xhtml\"><p><b>Generated Narrative with Details</b></p><p><b>id</b>: example0</p><p><b>meta</b>: </p><p><b>identifier</b>: HPI-O = 8003621566684455</p><p><b>active</b>: true</p><p><b>name</b>: NSW Health</p><p><b>telecom</b>: support@health.nsw.gov.au(WORK)</p></div>"
  },
  "identifier": [
    {
      "type": {
        "coding": [
          {
            "system": "http://terminology.hl7.org.au/CodeSystem/v2-0203",
            "code": "NOI",
            "display": "National Organisation Identifier"
          }
        ],
        "text": "HPI-O"
      },
      "system": "http://ns.electronichealth.net.au/id/hi/hpio/1.0",
      "value": "8003621566684455"
    }
  ],
  "active": true,
  "name": "NSW Health",
  "telecom": [
    {
      "system": "email",
      "value": "support@health.nsw.gov.au",
      "use": "work"
    }
  ]
}